AGS,KRS,Name,Partei,Farbe,Wahl_1990,Wahl_1994,Wahl_1998,Wahl_2002,Wahl_2005,Wahl_2009,Wahl_2013,Haushaltseinkommen,Arbeitslosenquote,Christen,Ausländeranteil,Wohnungseinbrüche,Durchschnittsalter,Gemeindetyp
1053006,1053,Basedow,AfD,blue,0.17,0.17,0.13,0.14,0.12,0.12,0.13,1890,6,52.4,5.2,318,44.5,Landgemeinde
1053011,1053,Bliestorf,Grüne,green,0.07,0.13,0.14,0.12,0.16,0.18,0.18,1890,6,61,5.2,318,44.5,Landgemeinde
1053018,1053,Buchholz,Grüne,green,0.1,0.17,0.2,0.25,0.23,0.3,0.16,1890,6,66,5.2,318,44.5,Landgemeinde
1053044,1053,Groß Schenkenberg,Grüne,green,0.09,0.15,0.13,0.16,0.13,0.15,0.15,1890,6,59,5.2,318,44.5,Landgemeinde
1053070,1053,Köthel,Grüne,green,0.09,0.22,0.13,0.19,0.15,0.2,0.18,1890,6,43,5.2,318,44.5,Landgemeinde
1053127,1053,Walksfelde,AfD,blue,0.2,0.16,0.14,0.15,0.14,0.15,0.16,1890,6,50,5.2,318,44.5,Landgemeinde
1054035,1054,Garding,FDP,yellow,0.2,0.2,0.22,0.18,0.15,0.26,0.13,1903,6.4,69,4.3,192,45,Landgemeinde
1054104,1054,Poppenbüll,FDP,yellow,0.2,0.2,0.21,0.21,0.14,0.29,0.2,1903,6.4,73,4.3,192,45,Landgemeinde
1054149,1054,Wenningstedt-Braderup,FDP,yellow,0.17,0.12,0.16,0.12,0.15,0.22,0.09,1903,6.4,59.5,4.3,192,45,Landgemeinde
1056013,1056,Ellerbek,FDP,yellow,0.19,0.14,0.14,0.12,0.16,0.2,0.1,1971,5.4,48.1,7.6,318,44.3,Landgemeinde
1057031,1057,Honigsee,Grüne,green,0.08,0.13,0.15,0.19,0.13,0.21,0.12,1799,5.7,50,2.7,242,46.3,Landgemeinde
1057034,1057,Kirchnüchel,AfD,blue,0.08,0.08,0.08,0.09,0.1,0.1,0.12,1799,5.7,3,2.7,242,46.3,Kleinstadt
1058107,1058,Molfsee,FDP,yellow,0.19,0.12,0.16,0.1,0.15,0.22,0.08,1839,5.5,56.3,3,251,44.8,Landgemeinde
1058111,1058,Neu Duvenstedt,AfD,blue,0.08,0.09,0.08,0.08,0.08,0.1,0.12,1839,5.5,68.2,3,251,44.8,Landgemeinde
1058123,1058,Osterby,Grüne,green,0.08,0.13,0.1,0.13,0.13,0.15,0.12,1839,5.5,64.2,3,251,44.8,Landgemeinde
1058138,1058,Rodenbek,Grüne,green,0.09,0.11,0.13,0.15,0.14,0.17,0.14,1839,5.5,61,3,251,44.8,Landgemeinde
1058141,1058,Schierensee,Grüne,green,0.08,0.13,0.11,0.18,0.16,0.18,0.16,1839,5.5,49,3,251,44.8,Landgemeinde
1058145,1058,Schönhorst,Grüne,green,0.09,0.11,0.12,0.15,0.12,0.18,0.14,1839,5.5,59,3,251,44.8,Kleinstadt
1058157,1058,Strande,FDP,yellow,0.19,0.13,0.15,0.16,0.21,0.29,0.19,1839,5.5,57,3,251,44.8,Landgemeinde
1058171,1058,Westensee,Grüne,green,0.07,0.11,0.13,0.18,0.15,0.19,0.14,1839,5.5,59,3,251,44.8,Landgemeinde
1059033,1059,Goltoft,Grüne,green,0.09,0.12,0.14,0.16,0.14,0.2,0.12,1734,7.3,74,3.3,167,44.8,Landgemeinde
1060018,1060,Dreggers,AfD,blue,0.26,0.24,0.21,0.18,0.19,0.22,0.24,1836,5,,5.3,314,44.1,Landgemeinde
1060031,1060,Hagen,FDP,yellow,0.17,0.15,0.18,0.15,0.18,0.21,0.11,1836,5,60,5.3,314,44.1,Landgemeinde
1061005,1061,Auufer,AfD,blue,0.13,0.12,0.13,0.13,0.13,0.13,0.12,1738,6.3,77.7,4,213,44.8,Landgemeinde
1061061,1061,Lägerdorf,SPD,red,0.54,0.58,0.62,0.56,0.49,0.37,0.42,1738,6.3,64.6,4,213,44.8,Landgemeinde
1061063,1061,Landscheide,FDP,yellow,0.2,0.15,0.11,0.15,0.16,0.23,0.09,1738,6.3,69,4,213,44.8,Landgemeinde
1062026,1062,Hamfelde,Grüne,green,0.1,0.18,0.17,0.12,0.16,0.17,0.15,2050,4,48,5,541,44.7,Kleinstadt
3152008,3152,Ebergötzen,SPD,red,0.56,0.57,0.65,0.59,0.5,0.41,0.43,1614,6.3,76,6.9,205,43.1,Landgemeinde
3152012,3152,Göttingen,Grüne,green,0.1,0.17,0.15,0.17,0.17,0.21,0.17,1614,6.3,59,6.9,205,43.1,Großstadt
3158018,3158,Heere,SPD,red,0.62,0.65,0.7,0.67,0.59,0.5,0.5,1690,6,76,4.1,141,45.3,Landgemeinde
3251011,3251,Dickel,FDP,yellow,0.19,0.12,0.12,0.15,0.14,0.22,0.08,1794,4.6,80,5.1,255,44.5,Landgemeinde
3251015,3251,Ehrenburg,FDP,yellow,0.3,0.25,0.16,0.18,0.19,0.27,0.15,1794,4.6,83.2,5.1,255,44.5,Landgemeinde
3251017,3251,Eydelstedt,FDP,yellow,0.2,0.2,0.15,0.15,0.16,0.23,0.1,1794,4.6,82.7,5.1,255,44.5,Kleinstadt
3251020,3251,Hüde,FDP,yellow,0.2,0.18,0.14,0.13,0.14,0.22,0.1,1794,4.6,76.7,5.1,255,44.5,Landgemeinde
3251022,3251,Lembruch,FDP,yellow,0.17,0.19,0.17,0.19,0.2,0.24,0.12,1794,4.6,74,5.1,255,44.5,Landgemeinde
3251031,3251,Scholen,FDP,yellow,0.24,0.18,0.13,0.12,0.16,0.21,0.09,1794,4.6,78,5.1,255,44.5,Landgemeinde
3251044,3251,Wagenfeld,FDP,yellow,0.15,0.14,0.11,0.13,0.16,0.25,0.09,1794,4.6,84.5,5.1,255,44.5,Kleinstadt
3254006,3254,Banteln,SPD,red,0.55,0.58,0.66,0.6,0.58,0.42,0.45,1663,7.4,77,5.6,175,45,Kleinstadt
3254019,3254,Harbarnsen,SPD,red,0.56,0.56,0.64,0.63,0.53,0.44,0.42,1663,7.4,82,5.6,175,45,Landgemeinde
3254030,3254,Sehlem,SPD,red,0.54,0.58,0.63,0.6,0.56,0.44,0.47,1663,7.4,78.9,5.6,175,45,Landgemeinde
3254036,3254,Coppengrave,SPD,red,0.62,0.62,0.7,0.65,0.57,0.41,0.46,1663,7.4,78.1,5.6,175,45,Landgemeinde
3255008,3255,Delligsen,SPD,red,0.56,0.6,0.67,0.63,0.58,0.43,0.48,1692,7.7,72,4.6,111,46.5,Kleinstadt
3255014,3255,Fürstenberg,SPD,red,0.55,0.56,0.64,0.6,0.54,0.44,0.44,1692,7.7,77,4.6,111,46.5,Landgemeinde
3255022,3255,Holzen,SPD,red,0.56,0.56,0.62,0.59,0.53,0.41,0.41,1692,7.7,83.7,4.6,111,46.5,Kleinstadt
3255025,3255,Kirchbrak,SPD,red,0.58,0.58,0.61,0.6,0.52,0.42,0.43,1692,7.7,81.1,4.6,111,46.5,Kleinstadt
3257020,3257,Lindhorst,SPD,red,0.53,0.56,0.66,0.63,0.58,0.44,0.46,1715,7.1,70,5.7,206,45.9,Landgemeinde
3257034,3257,Seggebruch,SPD,red,0.54,0.57,0.66,0.58,0.52,0.42,0.44,1715,7.1,76.9,5.7,206,45.9,Landgemeinde
3353003,3353,Bendestorf,FDP,yellow,0.21,0.17,0.16,0.15,0.19,0.25,0.09,1995,4.7,46.5,5.4,394,44.3,Kleinstadt
3353015,3353,Handeloh,Grüne,green,0.07,0.15,0.1,0.17,0.12,0.16,0.13,1995,4.7,46,5.4,394,44.3,Kleinstadt
3353021,3353,Kakenstorf,Grüne,green,0.07,0.12,0.13,0.16,0.14,0.18,0.12,1995,4.7,46,5.4,394,44.3,Kleinstadt
3353037,3353,Vierhöfen,AfD,blue,0.14,0.13,0.13,0.13,0.12,0.12,0.13,1995,4.7,52.4,5.4,394,44.3,Landgemeinde
3354002,3354,Clenze,Grüne,green,0.07,0.11,0.16,0.14,0.15,0.23,0.17,1585,9.9,67.7,4.4,152,47.2,Kleinstadt
3354003,3354,Damnatz,Grüne,green,0.08,0.13,0.18,0.15,0.13,0.2,0.16,1585,9.9,65,4.4,152,47.2,Kleinstadt
3354006,3354,Göhrde,Grüne,green,0.09,0.11,0.16,0.14,0.13,0.23,0.16,1585,9.9,66.3,4.4,152,47.2,Kleinstadt
3354010,3354,Höhbeck,Grüne,green,0.11,0.12,0.17,0.14,0.17,0.25,0.21,1585,9.9,64.1,4.4,152,47.2,Landgemeinde
3354011,3354,Jameln,Grüne,green,0.11,0.14,0.25,0.18,0.21,0.3,0.27,1585,9.9,67.9,4.4,152,47.2,Kleinstadt
3354013,3354,Küsten,Grüne,green,0.12,0.16,0.2,0.14,0.17,0.27,0.17,1585,9.9,66,4.4,152,47.2,Kleinstadt
3354014,3354,Langendorf,Grüne,green,0.08,0.13,0.18,0.13,0.17,0.24,0.17,1585,9.9,65,4.4,152,47.2,Kleinstadt
3354016,3354,Luckau,Grüne,green,0.13,0.17,0.26,0.19,0.21,0.28,0.23,1585,9.9,63,4.4,152,47.2,Kleinstadt
3354023,3354,Trebel,Grüne,green,0.09,0.16,0.19,0.14,0.16,0.27,0.19,1585,9.9,74,4.4,152,47.2,Kleinstadt
3354024,3354,Waddeweitz,Grüne,green,0.1,0.15,0.22,0.2,0.21,0.28,0.21,1585,9.9,67,4.4,152,47.2,Kleinstadt
3354027,3354,Zernien,Grüne,green,0.09,0.11,0.14,0.12,0.11,0.22,0.12,1585,9.9,67.1,4.4,152,47.2,Kleinstadt
3355012,3355,Dahlem,Grüne,green,0.11,0.17,0.15,0.22,0.18,0.21,0.18,1613,6.3,45,4.5,225,42.7,Landgemeinde
3355023,3355,Mechtersen,Grüne,green,0.08,0.12,0.12,0.15,0.17,0.2,0.16,1613,6.3,61,4.5,225,42.7,Kleinstadt
3356003,3356,Hambergen,SPD,red,0.56,0.59,0.64,0.62,0.55,0.42,0.46,1768,4.6,69.8,4.2,329,45,Kleinstadt
3356011,3356,Worpswede,Grüne,green,0.08,0.13,0.11,0.12,0.13,0.15,0.12,1768,4.6,63.3,4.2,329,45,Kleinstadt
3361008,3361,Ottersberg,Grüne,green,0.1,0.15,0.15,0.16,0.15,0.18,0.15,1882,5.4,59.2,5.2,288,43.9,Kleinstadt
3402000,3402,Emden,SPD,red,0.61,0.62,0.66,0.65,0.62,0.42,0.5,1501,8.9,69.7,6.4,206,43,Mittelstadt
3403000,3403,Oldenburg,Grüne,green,0.08,0.12,0.12,0.14,0.14,0.18,0.14,1573,8.4,60.2,6.7,191,42.3,Großstadt
3452003,3452,Berumbur,SPD,red,0.63,0.65,0.68,0.67,0.6,0.41,0.46,1540,7.8,81.4,3.8,113,44.1,Kleinstadt
3452007,3452,Großheide,SPD,red,0.58,0.61,0.67,0.66,0.59,0.41,0.45,1540,7.8,83.3,3.8,113,44.1,Kleinstadt
3452008,3452,Hage,SPD,red,0.54,0.56,0.62,0.62,0.54,0.38,0.45,1540,7.8,76.6,3.8,113,44.1,Kleinstadt
3452010,3452,Halbemond,SPD,red,0.59,0.63,0.71,0.67,0.58,0.45,0.45,1540,7.8,84.1,3.8,113,44.1,Kleinstadt
3452011,3452,Hinte,SPD,red,0.63,0.63,0.69,0.68,0.64,0.49,0.53,1540,7.8,78.5,3.8,113,44.1,Kleinstadt
3452012,3452,Ihlow,SPD,red,0.62,0.62,0.68,0.66,0.61,0.44,0.49,1540,7.8,83.1,3.8,113,44.1,Kleinstadt
3452014,3452,Krummhörn,SPD,red,0.63,0.65,0.7,0.69,0.65,0.47,0.53,1540,7.8,80.8,3.8,113,44.1,Kleinstadt
3452015,3452,Leezdorf,SPD,red,0.64,0.63,0.67,0.68,0.61,0.42,0.48,1540,7.8,79.4,3.8,113,44.1,Landgemeinde
3452021,3452,Osteel,SPD,red,0.65,0.67,0.7,0.7,0.64,0.45,0.52,1540,7.8,83.8,3.8,113,44.1,Landgemeinde
3452022,3452,Rechtsupweg,SPD,red,0.64,0.64,0.73,0.73,0.65,0.49,0.54,1540,7.8,83.6,3.8,113,44.1,Landgemeinde
3452023,3452,Südbrookmerland,SPD,red,0.67,0.68,0.72,0.73,0.65,0.47,0.53,1540,7.8,84,3.8,113,44.1,Kleinstadt
3452024,3452,Upgant-Schott,SPD,red,0.67,0.68,0.73,0.72,0.65,0.48,0.52,1540,7.8,83.3,3.8,113,44.1,Landgemeinde
3452026,3452,Wirdum,SPD,red,0.66,0.68,0.69,0.67,0.63,0.48,0.56,1540,7.8,81,3.8,113,44.1,Landgemeinde
3452027,3452,Dornum,SPD,red,0.59,0.6,0.65,0.63,0.55,0.45,0.47,1540,7.8,80.7,3.8,113,44.1,Landgemeinde
3454016,3454,Groß Berßen,CDU/CSU,black,0.86,0.82,0.72,0.78,0.78,0.72,0.79,1594,3.5,90.5,7.6,172,41.9,Kleinstadt
3454017,3454,Handrup,CDU/CSU,black,0.84,0.75,0.74,0.73,0.71,0.64,0.74,1594,3.5,94,7.6,172,41.9,Landgemeinde
3454023,3454,Hüven,CDU/CSU,black,0.8,0.76,0.7,0.73,0.72,0.72,0.8,1594,3.5,89.5,7.6,172,41.9,Kleinstadt
3454024,3454,Klein Berßen,CDU/CSU,black,0.84,0.79,0.74,0.74,0.69,0.67,0.76,1594,3.5,93.7,7.6,172,41.9,Kleinstadt
3454043,3454,Renkenberge,CDU/CSU,black,0.81,0.74,0.69,0.79,0.72,0.56,0.68,1594,3.5,92,7.6,172,41.9,Kleinstadt
3454052,3454,Sustrum,CDU/CSU,black,0.82,0.74,0.68,0.73,0.72,0.71,0.78,1594,3.5,83,7.6,172,41.9,Kleinstadt
3454060,3454,Wippingen,CDU/CSU,black,0.82,0.76,0.71,0.73,0.7,0.55,0.7,1594,3.5,90,7.6,172,41.9,Kleinstadt
3456003,3456,Engden,CDU/CSU,black,0.83,0.74,0.65,0.77,0.73,0.72,0.77,1524,4.4,87.8,12.3,133,42.7,Kleinstadt
3457012,3457,Jemgum,SPD,red,0.58,0.58,0.62,0.62,0.55,0.44,0.47,1456,6.5,83.1,5.7,115,43.2,Landgemeinde
3457014,3457,Moormerland,SPD,red,0.55,0.56,0.63,0.62,0.57,0.39,0.43,1456,6.5,76.8,5.7,115,43.2,Mittelstadt
3457015,3457,Neukamperfehn,SPD,red,0.58,0.56,0.64,0.61,0.56,0.4,0.44,1456,6.5,80.5,5.7,115,43.2,Landgemeinde
3457021,3457,Weener,SPD,red,0.57,0.59,0.64,0.63,0.57,0.43,0.47,1456,6.5,77.8,5.7,115,43.2,Kleinstadt
3457024,3457,Bunde,SPD,red,0.62,0.64,0.67,0.66,0.61,0.48,0.51,1456,6.5,75.2,5.7,115,43.2,Kleinstadt
3461006,3461,Lemwerder,SPD,red,0.54,0.58,0.65,0.62,0.55,0.39,0.45,1679,7.4,60.4,5.4,168,44.9,Kleinstadt
3462009,3462,Nenndorf,SPD,red,0.54,0.59,0.68,0.67,0.58,0.41,0.52,1587,7,81.9,3.2,81,44.8,Landgemeinde
3462014,3462,Spiekeroog,Grüne,green,0.08,0.14,0.12,0.15,0.13,0.21,0.17,1587,7,66,3.2,81,44.8,Landgemeinde
3462018,3462,Westerholt,SPD,red,0.56,0.56,0.64,0.65,0.57,0.41,0.46,1587,7,79.7,3.2,81,44.8,Landgemeinde
4011000,4011,Bremen,Grüne,green,0.09,0.12,0.12,0.16,0.15,0.16,0.12,1710,10.1,50,13.6,503,43.5,Großstadt
5112000,5112,Duisburg,SPD,red,0.56,0.59,0.61,0.57,0.53,0.39,0.41,1399,13.1,57,16.3,457,43.6,Großstadt
5119000,5119,Oberhausen,SPD,red,0.55,0.59,0.63,0.58,0.55,0.4,0.42,1496,12,67.4,12,375,44.5,Großstadt
5158024,5158,Mettmann,FDP,yellow,0.16,0.11,0.11,0.11,0.14,0.21,0.07,2041,6.9,65.5,9.8,356,45.4,Mittelstadt
5162016,5162,Kaarst,FDP,yellow,0.17,0.13,0.12,0.13,0.15,0.21,0.08,1970,6.5,68.4,9.8,359,44.2,Mittelstadt
5162022,5162,Meerbusch,FDP,yellow,0.16,0.13,0.13,0.13,0.18,0.24,0.09,1970,6.5,65.3,9.8,359,44.2,Mittelstadt
5170008,5170,Dinslaken,SPD,red,0.53,0.58,0.61,0.58,0.55,0.41,0.41,1744,7.7,66.7,7.1,331,45.1,Mittelstadt
5170020,5170,Kamp-Lintfort,SPD,red,0.56,0.58,0.63,0.58,0.58,0.45,0.47,1744,7.7,65.8,7.1,331,45.1,Mittelstadt
5334002,5334,Aachen,Grüne,green,0.07,0.11,0.12,0.17,0.15,0.16,0.13,1634,8.9,65.1,11.8,379,42.6,Großstadt
5366036,5366,Schleiden,FDP,yellow,0.15,0.12,0.1,0.12,0.16,0.21,0.08,1716,6.1,83.6,5.4,299,44.2,Kleinstadt
5378020,5378,Odenthal,FDP,yellow,0.18,0.15,0.14,0.13,0.18,0.21,0.07,2043,6.4,72.5,7.5,393,45,Kleinstadt
5378024,5378,Overath,FDP,yellow,0.16,0.11,0.11,0.11,0.15,0.21,0.07,2043,6.4,70.2,7.5,393,45,Mittelstadt
5382008,5382,Bad Honnef,FDP,yellow,0.17,0.13,0.14,0.13,0.17,0.25,0.09,1884,6,71.6,7.9,330,43.6,Mittelstadt
5382024,5382,Königswinter,FDP,yellow,0.15,0.12,0.12,0.13,0.15,0.23,0.08,1884,6,71,7.9,330,43.6,Mittelstadt
5382032,5382,Meckenheim,FDP,yellow,0.2,0.13,0.12,0.12,0.15,0.23,0.08,1884,6,70.2,7.9,330,43.6,Mittelstadt
5382040,5382,Neunkirchen-Seelscheid,FDP,yellow,0.17,0.12,0.12,0.13,0.15,0.22,0.07,1884,6,73.2,7.9,330,43.6,Kleinstadt
5382048,5382,Rheinbach,FDP,yellow,0.15,0.1,0.1,0.12,0.15,0.23,0.08,1884,6,74.4,7.9,330,43.6,Mittelstadt
5382072,5382,Wachtberg,FDP,yellow,0.2,0.15,0.14,0.14,0.19,0.26,0.1,1884,6,74.6,7.9,330,43.6,Kleinstadt
5512000,5512,Bottrop,SPD,red,0.54,0.58,0.61,0.56,0.55,0.4,0.42,1599,8.5,71.9,8.4,404,44.9,Großstadt
5513000,5513,Gelsenkirchen,SPD,red,0.57,0.6,0.63,0.57,0.55,0.42,0.44,1345,14.7,63.8,15.3,564,43.6,Großstadt
5515000,5515,Münster,Grüne,green,0.08,0.14,0.14,0.16,0.14,0.18,0.15,1836,6,72.8,8.4,271,40.7,Großstadt
5562004,5562,Castrop-Rauxel,SPD,red,0.55,0.57,0.61,0.58,0.55,0.39,0.42,1616,11,70.6,8.5,364,45,Mittelstadt
5562014,5562,Gladbeck,SPD,red,0.56,0.58,0.63,0.57,0.55,0.42,0.44,1616,11,66.3,8.5,364,45,Mittelstadt
5562028,5562,Oer-Erkenschwick,SPD,red,0.58,0.61,0.63,0.56,0.57,0.38,0.42,1616,11,68.2,8.5,364,45,Mittelstadt
5916000,5916,Herne,SPD,red,0.59,0.62,0.64,0.59,0.56,0.41,0.45,1472,13.4,63.8,13.2,583,44.5,Großstadt
5978004,5978,Bergkamen,SPD,red,0.62,0.65,0.66,0.62,0.59,0.44,0.49,1690,9.3,67.4,7.5,393,44.8,Mittelstadt
5978008,5978,Bönen,SPD,red,0.59,0.61,0.63,0.6,0.57,0.42,0.45,1690,9.3,66.5,7.5,393,44.8,Kleinstadt
5978020,5978,Kamen,SPD,red,0.56,0.58,0.62,0.58,0.55,0.41,0.44,1690,9.3,70.7,7.5,393,44.8,Mittelstadt
5978024,5978,Lünen,SPD,red,0.53,0.56,0.6,0.57,0.53,0.38,0.44,1690,9.3,66.6,7.5,393,44.8,Mittelstadt
6411000,6411,Darmstadt,Grüne,green,0.1,0.14,0.15,0.2,0.18,0.21,0.17,1752,6.7,52.4,16.5,190,40.9,Großstadt
6412000,6412,Frankfurt am Main,Grüne,green,0.08,0.14,0.14,0.19,0.17,0.17,0.14,1694,7.3,44.1,27.2,294,40.6,Großstadt
6431022,6431,Zwingenberg,Grüne,green,0.07,0.12,0.1,0.13,0.13,0.16,0.11,1856,4.3,66.1,10.3,181,44.6,Kleinstadt
6432001,6432,Alsbach-Hähnlein,Grüne,green,0.07,0.12,0.11,0.15,0.13,0.17,0.13,1902,4.8,62,11.5,121,43.5,Kleinstadt
6432014,6432,Mühltal,Grüne,green,0.08,0.11,0.13,0.18,0.16,0.18,0.15,1902,4.8,64.2,11.5,121,43.5,Kleinstadt
6432022,6432,Seeheim-Jugenheim,Grüne,green,0.08,0.12,0.13,0.17,0.15,0.18,0.14,1902,4.8,60.9,11.5,121,43.5,Kleinstadt
6433008,6433,Mörfelden-Walldorf,Grüne,green,0.09,0.13,0.11,0.16,0.15,0.16,0.12,1661,6.1,44.6,18.4,161,42.5,Mittelstadt
6434001,6434,Bad Homburg v,FDP,yellow,0.16,0.13,0.13,0.11,0.2,0.23,0.09,2432,4,55.1,13.4,238,44.3,Mittelstadt
6434002,6434,Friedrichsdorf,FDP,yellow,0.16,0.12,0.12,0.11,0.18,0.22,0.08,2432,4,57.8,13.4,238,44.3,Mittelstadt
6434003,6434,Glashütten,FDP,yellow,0.16,0.13,0.14,0.11,0.21,0.24,0.1,2432,4,64.7,13.4,238,44.3,Kleinstadt
6434005,6434,Königstein im Taunus,FDP,yellow,0.18,0.19,0.18,0.14,0.23,0.29,0.13,2432,4,59.5,13.4,238,44.3,Kleinstadt
6434006,6434,Kronberg im Taunus,FDP,yellow,0.18,0.17,0.16,0.13,0.21,0.23,0.12,2432,4,59.5,13.4,238,44.3,Kleinstadt
6436001,6436,Bad Soden am Taunus,FDP,yellow,0.19,0.17,0.13,0.12,0.21,0.25,0.11,2140,4.2,56.1,13.4,268,43.6,Mittelstadt
6436008,6436,Kelkheim,FDP,yellow,0.17,0.14,0.14,0.12,0.18,0.23,0.09,2140,4.2,60.5,13.4,268,43.6,Mittelstadt
6436010,6436,Liederbach am Taunus,FDP,yellow,0.17,0.13,0.11,0.11,0.16,0.22,0.07,2140,4.2,56.2,13.4,268,43.6,Kleinstadt
6438005,6438,Heusenstamm,FDP,yellow,0.15,0.11,0.12,0.11,0.16,0.22,0.07,1885,5.4,57.9,15.8,231,43.7,Kleinstadt
6439011,6439,Niedernhausen,FDP,yellow,0.16,0.12,0.12,0.11,0.16,0.21,0.08,1972,4.4,58.2,9.3,107,44.8,Kleinstadt
6439014,6439,Schlangenbad,FDP,yellow,0.17,0.14,0.13,0.12,0.18,0.22,0.08,1972,4.4,60.4,9.3,107,44.8,Kleinstadt
6439017,6439,Walluf,FDP,yellow,0.15,0.12,0.11,0.1,0.17,0.21,0.07,1972,4.4,65.9,9.3,107,44.8,Kleinstadt
6531005,6531,Gießen,Grüne,green,0.09,0.13,0.12,0.15,0.15,0.16,0.13,1628,6.8,60.5,9.1,221,42.3,Mittelstadt
6534014,6534,Marburg,Grüne,green,0.13,0.19,0.17,0.19,0.18,0.2,0.16,1643,4.2,65.2,8.1,78,42.5,Mittelstadt
6611000,6611,Kassel,Grüne,green,0.08,0.12,0.12,0.14,0.14,0.17,0.15,1549,9.8,57.1,13.5,413,42.5,Großstadt
6632005,6632,Cornberg,SPD,red,0.58,0.61,0.61,0.57,0.51,0.39,0.47,1691,4.9,87.9,5.5,121,45.6,Landgemeinde
6632009,6632,Heringen,SPD,red,0.53,0.56,0.6,0.57,0.55,0.37,0.41,1691,4.9,84.4,5.5,121,45.6,Kleinstadt
6632010,6632,Hohenroda,SPD,red,0.57,0.59,0.6,0.57,0.56,0.43,0.42,1691,4.9,88.4,5.5,121,45.6,Landgemeinde
6632013,6632,Nentershausen,SPD,red,0.59,0.61,0.63,0.59,0.5,0.4,0.42,1691,4.9,85.9,5.5,121,45.6,Landgemeinde
6632016,6632,Philippsthal,SPD,red,0.54,0.56,0.6,0.59,0.54,0.39,0.42,1691,4.9,78.9,5.5,121,45.6,Landgemeinde
6633017,6633,Lohfelden,SPD,red,0.55,0.56,0.61,0.58,0.53,0.39,0.41,1799,5.1,65.1,4.5,164,46,Kleinstadt
6633019,6633,Nieste,SPD,red,0.69,0.65,0.71,0.64,0.57,0.49,0.46,1799,5.1,72.1,4.5,164,46,Landgemeinde
6633023,6633,Schauenburg,SPD,red,0.57,0.57,0.61,0.58,0.53,0.39,0.41,1799,5.1,74.5,4.5,164,46,Kleinstadt
6633024,6633,Söhrewald,SPD,red,0.63,0.6,0.66,0.62,0.56,0.45,0.46,1799,5.1,76.4,4.5,164,46,Landgemeinde
6634001,6634,Borken,SPD,red,0.56,0.58,0.61,0.58,0.52,0.41,0.43,1710,5.2,80.4,4.6,125,45.2,Kleinstadt
6634002,6634,Edermünde,SPD,red,0.59,0.59,0.61,0.6,0.53,0.42,0.44,1710,5.2,76.6,4.6,125,45.2,Kleinstadt
6634003,6634,Felsberg,SPD,red,0.55,0.57,0.59,0.58,0.52,0.42,0.43,1710,5.2,78.3,4.6,125,45.2,Kleinstadt
6636004,6636,Großalmerode,SPD,red,0.57,0.57,0.6,0.56,0.5,0.37,0.41,1613,6.6,82.5,4.1,109,46.7,Kleinstadt
6636007,6636,Meinhard,SPD,red,0.55,0.57,0.6,0.56,0.49,0.4,0.44,1613,6.6,79.3,4.1,109,46.7,Landgemeinde
7131021,7131,Eichenbach,AfD,blue,0.1,0.12,0.11,0.11,0.13,0.15,0.13,1866,4.2,,6.8,233,45.8,Kleinstadt
7131036,7131,Kalenborn,FDP,yellow,0.18,0.11,0.13,0.14,0.16,0.23,0.09,1866,4.2,76,6.8,233,45.8,Landgemeinde
7132005,7132,Berzhausen,AfD,blue,0.13,0.11,0.1,0.11,0.12,0.15,0.14,1728,5.5,22,5.4,136,44.3,Landgemeinde
7132010,7132,Bitzen,SPD,red,0.59,0.65,0.66,0.6,0.56,0.38,0.44,1728,5.5,80,5.4,136,44.3,Landgemeinde
7132069,7132,Mehren,FDP,yellow,0.16,0.11,0.1,0.14,0.14,0.23,0.07,1728,5.5,72.8,5.4,136,44.3,Kleinstadt
7132085,7132,Obersteinebach,AfD,blue,0.1,0.11,0.11,0.11,0.12,0.14,0.13,1728,5.5,,5.4,136,44.3,Landgemeinde
7132086,7132,Oberwambach,SPD,red,0.6,0.58,0.62,0.61,0.61,0.44,0.44,1728,5.5,76,5.4,136,44.3,Kleinstadt
7133001,7133,Abtweiler,FDP,yellow,0.18,0.17,0.12,0.12,0.15,0.25,0.1,1776,7.1,86,7.7,135,44.9,Kleinstadt
7133012,7133,Biebelsheim,FDP,yellow,0.15,0.13,0.12,0.13,0.19,0.24,0.07,1776,7.1,70,7.7,135,44.9,Landgemeinde
7133022,7133,Daubach,AfD,blue,0.11,0.11,0.12,0.12,0.13,0.13,0.12,1776,7.1,80.5,7.7,135,44.9,Kleinstadt
7133046,7133,Hochstetten-Dhaun,SPD,red,0.54,0.62,0.61,0.55,0.51,0.42,0.43,1776,7.1,83.2,7.7,135,44.9,Landgemeinde
7133063,7133,Meckenbach,SPD,red,0.58,0.63,0.63,0.64,0.59,0.44,0.4,1776,7.1,90,7.7,135,44.9,Landgemeinde
7133083,7133,Rehborn,SPD,red,0.57,0.61,0.64,0.57,0.53,0.43,0.49,1776,7.1,90.5,7.7,135,44.9,Kleinstadt
7133113,7133,Weitersborn,SPD,red,0.59,0.68,0.72,0.61,0.62,0.47,0.52,1776,7.1,88.6,7.7,135,44.9,Landgemeinde
7134002,7134,Achtelsbach,SPD,red,0.63,0.73,0.71,0.64,0.59,0.45,0.5,1783,6.9,87.5,4.9,115,46,Kleinstadt
7134008,7134,Berschweiler bei Baumholder,AfD,blue,0.07,0.07,0.07,0.08,0.08,0.1,0.12,1783,6.9,82,4.9,115,46,Kleinstadt
7134016,7134,Buhlenberg,SPD,red,0.62,0.63,0.61,0.59,0.53,0.37,0.4,1783,6.9,82,4.9,115,46,Kleinstadt
7134029,7134,Gimbweiler,SPD,red,0.69,0.7,0.71,0.65,0.6,0.4,0.43,1783,6.9,87,4.9,115,46,Kleinstadt
7134030,7134,Gösenroth,FDP,yellow,0.28,0.22,0.19,0.23,0.28,0.29,0.18,1783,6.9,88,4.9,115,46,Landgemeinde
7134038,7134,Herborn,FDP,yellow,0.17,0.12,0.1,0.2,0.18,0.22,0.07,1783,6.9,77.2,4.9,115,46,Landgemeinde
7134047,7134,Kirschweiler,FDP,yellow,0.21,0.2,0.17,0.21,0.22,0.27,0.11,1783,6.9,74.5,4.9,115,46,Landgemeinde
7134049,7134,Krummenau,AfD,blue,0.16,0.14,0.11,0.13,0.14,0.14,0.12,1783,6.9,67.9,4.9,115,46,Landgemeinde
7135018,7135,Büchel,AfD,blue,0.11,0.11,0.1,0.1,0.1,0.13,0.13,1825,3.8,90,5.2,142,45.6,Landgemeinde
7135091,7135,Wollmerath,CDU/CSU,black,0.83,0.85,0.81,0.78,0.63,0.6,0.78,1825,3.8,93,5.2,142,45.6,Landgemeinde
7137001,7137,Acht,AfD,blue,0.08,0.11,0.1,0.1,0.09,0.12,0.15,1794,4.8,,5.4,151,44.4,Landgemeinde
7137035,7137,Herresbach,CDU/CSU,black,0.86,0.8,0.79,0.78,0.71,0.68,0.72,1794,4.8,88,5.4,151,44.4,Landgemeinde
7137226,7137,Vallendar,FDP,yellow,0.15,0.11,0.09,0.11,0.15,0.21,0.07,1794,4.8,76.6,5.4,151,44.4,Kleinstadt
7137230,7137,Winningen,FDP,yellow,0.2,0.14,0.15,0.14,0.21,0.25,0.09,1794,4.8,81.5,5.4,151,44.4,Landgemeinde
7138027,7138,Harschbach,AfD,blue,0.12,0.11,0.11,0.1,0.11,0.11,0.11,1871,5.9,52.7,7.1,211,44.4,Landgemeinde
7138050,7138,Niederwambach,FDP,yellow,0.17,0.12,0.12,0.15,0.14,0.23,0.07,1871,5.9,69.4,7.1,211,44.4,Landgemeinde
7138061,7138,Rengsdorf,FDP,yellow,0.21,0.14,0.14,0.12,0.17,0.22,0.07,1871,5.9,68,7.1,211,44.4,Landgemeinde
7138062,7138,Rheinbreitbach,FDP,yellow,0.17,0.11,0.14,0.12,0.16,0.2,0.07,1871,5.9,72.1,7.1,211,44.4,Kleinstadt
7138078,7138,Woldert,FDP,yellow,0.24,0.15,0.11,0.2,0.16,0.22,0.09,1871,5.9,73,7.1,211,44.4,Landgemeinde
7140008,7140,Belgweiler,SPD,red,0.6,0.65,0.69,0.64,0.54,0.43,0.45,1830,4.7,,5.1,110,44.8,Kleinstadt
7140029,7140,Dill,FDP,yellow,0.32,0.23,0.17,0.19,0.23,0.22,0.18,1830,4.7,,5.1,110,44.8,Kleinstadt
7140056,7140,Holzbach,FDP,yellow,0.17,0.13,0.12,0.13,0.15,0.23,0.09,1830,4.7,83,5.1,110,44.8,Kleinstadt
7140058,7140,Horn,SPD,red,0.65,0.64,0.66,0.57,0.54,0.43,0.47,1830,4.7,88.9,5.1,110,44.8,Kleinstadt
7140065,7140,Keidelheim,FDP,yellow,0.3,0.18,0.18,0.18,0.19,0.2,0.13,1830,4.7,,5.1,110,44.8,Kleinstadt
7140077,7140,Kümbdchen,FDP,yellow,0.2,0.14,0.13,0.16,0.2,0.25,0.1,1830,4.7,85,5.1,110,44.8,Kleinstadt
7140082,7140,Lautzenhausen,FDP,yellow,0.19,0.12,0.1,0.19,0.21,0.26,0.12,1830,4.7,80,5.1,110,44.8,Kleinstadt
7140106,7140,Niederkumbd,FDP,yellow,0.25,0.12,0.14,0.17,0.18,0.22,0.12,1830,4.7,86,5.1,110,44.8,Kleinstadt
7140130,7140,Rohrbach,FDP,yellow,0.23,0.24,0.14,0.24,0.21,0.25,0.1,1830,4.7,,5.1,110,44.8,Kleinstadt
7140135,7140,Schlierschied,FDP,yellow,0.28,0.1,0.14,0.18,0.22,0.28,0.08,1830,4.7,71,5.1,110,44.8,Kleinstadt
7141001,7141,Allendorf,SPD,red,0.66,0.68,0.68,0.63,0.5,0.38,0.42,1825,4.3,78,5.9,141,45.3,Landgemeinde
7141022,7141,Cramberg,AfD,blue,0.1,0.11,0.11,0.12,0.13,0.14,0.12,1825,4.3,90,5.9,141,45.3,Kleinstadt
7141027,7141,Dienethal,SPD,red,0.57,0.65,0.64,0.64,0.62,0.42,0.44,1825,4.3,80,5.9,141,45.3,Landgemeinde
7141045,7141,Geilnau,SPD,red,0.77,0.79,0.79,0.71,0.63,0.58,0.61,1825,4.3,81.7,5.9,141,45.3,Kleinstadt
7141047,7141,Gemmerich,AfD,blue,0.09,0.09,0.09,0.09,0.1,0.12,0.11,1825,4.3,82,5.9,141,45.3,Kleinstadt
7141080,7141,Lipporn,AfD,blue,0.14,0.14,0.12,0.12,0.13,0.18,0.14,1825,4.3,79,5.9,141,45.3,Kleinstadt
7141087,7141,Misselberg,AfD,blue,0.13,0.13,0.11,0.14,0.12,0.13,0.21,1825,4.3,72.1,5.9,141,45.3,Landgemeinde
7141089,7141,Mudershausen,AfD,blue,0.09,0.1,0.09,0.09,0.09,0.1,0.12,1825,4.3,67,5.9,141,45.3,Landgemeinde
7141106,7141,Oberwies,AfD,blue,0.09,0.09,0.09,0.08,0.09,0.11,0.11,1825,4.3,87.8,5.9,141,45.3,Landgemeinde
7141125,7141,Schiesheim,AfD,blue,0.08,0.08,0.1,0.1,0.1,0.11,0.13,1825,4.3,22,5.9,141,45.3,Landgemeinde
7143225,7143,Giesenhausen,SPD,red,0.69,0.63,0.62,0.62,0.57,0.44,0.4,1899,4,81,6.7,171,43.8,Kleinstadt
7143252,7143,Kundert,SPD,red,0.75,0.82,0.74,0.72,0.65,0.56,0.62,1899,4,86.6,6.7,171,43.8,Kleinstadt
7143265,7143,Mörsbach,SPD,red,0.67,0.71,0.65,0.66,0.56,0.5,0.54,1899,4,80,6.7,171,43.8,Kleinstadt
7143267,7143,Mudenbach,SPD,red,0.66,0.68,0.68,0.63,0.54,0.44,0.46,1899,4,79,6.7,171,43.8,Kleinstadt
7143312,7143,Willmenrod,SPD,red,0.59,0.63,0.6,0.63,0.55,0.42,0.46,1899,4,78,6.7,171,43.8,Kleinstadt
7143314,7143,Winnen,SPD,red,0.58,0.65,0.65,0.59,0.53,0.44,0.43,1899,4,79.2,6.7,171,43.8,Kleinstadt
7143315,7143,Zehnhausen bei Rennerod,SPD,red,0.62,0.67,0.65,0.62,0.5,0.37,0.44,1899,4,73,6.7,171,43.8,Landgemeinde
7143316,7143,Zehnhausen bei Wallmerod,AfD,blue,0.16,0.18,0.17,0.14,0.12,0.14,0.13,1899,4,,6.7,171,43.8,Landgemeinde
7143502,7143,Mähren,AfD,blue,0.1,0.1,0.1,0.12,0.12,0.13,0.13,1899,4,68.5,6.7,171,43.8,Landgemeinde
7231016,7231,Burgen,FDP,yellow,0.17,0.1,0.14,0.12,0.16,0.22,0.09,1958,3.9,83.5,6.6,114,44.9,Kleinstadt
7231020,7231,Diefenbach,AfD,blue,0.15,0.16,0.12,0.13,0.12,0.16,0.13,1958,3.9,6,6.6,114,44.9,Kleinstadt
7231032,7231,Etgert,AfD,blue,0.12,0.11,0.1,0.11,0.17,0.16,0.14,1958,3.9,68,6.6,114,44.9,Landgemeinde
7231040,7231,Gornhausen,FDP,yellow,0.18,0.18,0.12,0.13,0.18,0.27,0.08,1958,3.9,,6.6,114,44.9,Kleinstadt
7231072,7231,Kröv,FDP,yellow,0.16,0.11,0.14,0.15,0.22,0.25,0.12,1958,3.9,88.6,6.6,114,44.9,Kleinstadt
7231090,7231,Mülheim an der Mosel,FDP,yellow,0.17,0.13,0.14,0.18,0.2,0.28,0.1,1958,3.9,84.7,6.6,114,44.9,Kleinstadt
7231112,7231,Rorodt,AfD,blue,0.16,0.14,0.15,0.17,0.16,0.17,0.16,1958,3.9,,6.6,114,44.9,Landgemeinde
7231120,7231,Starkenburg,FDP,yellow,0.18,0.11,0.16,0.12,0.27,0.39,0.11,1958,3.9,85,6.6,114,44.9,Kleinstadt
7231132,7231,Willwerscheid,AfD,blue,0.21,0.14,0.13,0.11,0.11,0.1,0.12,1958,3.9,,6.6,114,44.9,Kleinstadt
7232017,7232,Birtlingen,AfD,blue,0.18,0.19,0.19,0.2,0.26,0.24,0.28,1776,3.3,,8.9,121,43.7,Landgemeinde
7232266,7232,Matzerath,AfD,blue,0.09,0.1,0.09,0.09,0.1,0.11,0.12,1776,3.3,86.4,8.9,121,43.7,Kleinstadt
7233032,7233,Hörschhausen,AfD,blue,0.09,0.11,0.11,0.11,0.11,0.1,0.13,1754,4.7,3,5.2,204,45.6,Landgemeinde
7331009,7331,Bermersheim,AfD,blue,0.15,0.14,0.13,0.14,0.12,0.13,0.14,1809,4.4,71,6.8,194,43.4,Kleinstadt
7331022,7331,Esselborn,AfD,blue,0.14,0.14,0.13,0.11,0.1,0.13,0.13,1809,4.4,81,6.8,194,43.4,Landgemeinde
7331051,7331,Nieder-Wiesen,SPD,red,0.65,0.68,0.69,0.62,0.54,0.39,0.46,1809,4.4,84,6.8,194,43.4,Landgemeinde
7331052,7331,Ober-Flörsheim,AfD,blue,0.11,0.11,0.11,0.11,0.11,0.12,0.11,1809,4.4,74.3,6.8,194,43.4,Landgemeinde
7331065,7331,Vendersheim,FDP,yellow,0.22,0.18,0.16,0.16,0.2,0.23,0.08,1809,4.4,73.4,6.8,194,43.4,Kleinstadt
7332003,7332,Battenberg,FDP,yellow,0.22,0.17,0.21,0.13,0.17,0.28,0.13,2043,4.1,,6.5,264,45.8,Landgemeinde
7332008,7332,Dackenheim,FDP,yellow,0.17,0.17,0.19,0.22,0.23,0.22,0.12,2043,4.1,73,6.5,264,45.8,Landgemeinde
7332020,7332,Friedelsheim,FDP,yellow,0.16,0.13,0.14,0.15,0.17,0.26,0.08,2043,4.1,68.5,6.5,264,45.8,Landgemeinde
7332046,7332,Wachenheim an der Weinstraße,FDP,yellow,0.19,0.13,0.14,0.12,0.16,0.21,0.07,2043,4.1,70.5,6.5,264,45.8,Landgemeinde
7333016,7333,Dörrmoschel,AfD,blue,0.06,0.09,0.08,0.08,0.08,0.1,0.12,1714,5.5,7,5.9,133,44.2,Kleinstadt
7333024,7333,Gehrweiler,SPD,red,0.74,0.76,0.7,0.66,0.62,0.49,0.58,1714,5.5,84,5.9,133,44.2,Kleinstadt
7333025,7333,Gerbach,FDP,yellow,0.2,0.12,0.16,0.17,0.15,0.2,0.09,1714,5.5,83,5.9,133,44.2,Kleinstadt
7334004,7334,Erlenbach bei Kandel,FDP,yellow,0.19,0.15,0.13,0.17,0.16,0.21,0.1,1769,4.5,78.2,9.9,140,42.9,Kleinstadt
7335201,7335,Lambsborn,SPD,red,0.68,0.65,0.66,0.62,0.58,0.4,0.48,1718,5.7,82,6.1,174,44.3,Kleinstadt
7336004,7336,Altenkirchen,SPD,red,0.69,0.68,0.69,0.62,0.5,0.37,0.43,1649,4.9,85.2,4,178,45.7,Kleinstadt
7336022,7336,Erdesbach,SPD,red,0.66,0.65,0.68,0.63,0.52,0.38,0.44,1649,4.9,80,4,178,45.7,Landgemeinde
7336024,7336,Etschberg,SPD,red,0.74,0.75,0.69,0.69,0.57,0.4,0.47,1649,4.9,83,4,178,45.7,Kleinstadt
7336047,7336,Hüffler,SPD,red,0.66,0.65,0.7,0.62,0.53,0.37,0.45,1649,4.9,88.7,4,178,45.7,Landgemeinde
7336054,7336,Krottelbach,SPD,red,0.69,0.75,0.71,0.65,0.53,0.37,0.48,1649,4.9,85.1,4,178,45.7,Landgemeinde
7336082,7336,Rehweiler,SPD,red,0.6,0.59,0.63,0.57,0.54,0.37,0.4,1649,4.9,74,4,178,45.7,Landgemeinde
7336091,7336,Schellweiler,SPD,red,0.67,0.62,0.64,0.62,0.51,0.37,0.46,1649,4.9,81.8,4,178,45.7,Kleinstadt
7336095,7336,Sankt Julian,SPD,red,0.65,0.7,0.67,0.66,0.53,0.4,0.49,1649,4.9,84.9,4,178,45.7,Kleinstadt
7336101,7336,Wahnwegen,SPD,red,0.77,0.74,0.68,0.68,0.57,0.37,0.46,1649,4.9,90,4,178,45.7,Landgemeinde
7337018,7337,Dierbach,FDP,yellow,0.17,0.13,0.16,0.16,0.17,0.23,0.14,1857,4.1,79.9,5.4,182,45,Kleinstadt
7337051,7337,Leinsweiler,FDP,yellow,0.24,0.16,0.18,0.22,0.19,0.22,0.08,1857,4.1,71,5.4,182,45,Landgemeinde
7337055,7337,Niederhorbach,FDP,yellow,0.22,0.16,0.14,0.19,0.25,0.26,0.14,1857,4.1,83,5.4,182,45,Kleinstadt
7337078,7337,Völkersweiler,Grüne,green,0.11,0.14,0.14,0.12,0.12,0.17,0.13,1857,4.1,82,5.4,182,45,Kleinstadt
7337079,7337,Vorderweidenthal,SPD,red,0.59,0.65,0.66,0.61,0.54,0.48,0.51,1857,4.1,84,5.4,182,45,Kleinstadt
7339002,7339,Aspisheim,FDP,yellow,0.26,0.14,0.17,0.22,0.24,0.25,0.11,2175,4.1,75,7.3,182,43.6,Landgemeinde
7339017,7339,Essenheim,Grüne,green,0.07,0.11,0.11,0.13,0.12,0.15,0.13,2175,4.1,66.9,7.3,182,43.6,Kleinstadt
7339029,7339,Horrweiler,FDP,yellow,0.16,0.12,0.12,0.15,0.17,0.24,0.09,2175,4.1,78.6,7.3,182,43.6,Landgemeinde
7339066,7339,Wintersheim,FDP,yellow,0.15,0.17,0.18,0.2,0.17,0.26,0.09,2175,4.1,78,7.3,182,43.6,Kleinstadt
7340005,7340,Darstein,AfD,blue,0.11,0.1,0.09,0.11,0.1,0.12,0.12,1810,4.7,,3.1,152,46.5,Landgemeinde
7340204,7340,Biedershausen,FDP,yellow,0.2,0.2,0.18,0.12,0.18,0.22,0.17,1810,4.7,88.5,3.1,152,46.5,Landgemeinde
7340208,7340,Dietrichingen,FDP,yellow,0.16,0.12,0.14,0.21,0.2,0.23,0.11,1810,4.7,,3.1,152,46.5,Landgemeinde
7340211,7340,Hornbach,FDP,yellow,0.15,0.11,0.12,0.18,0.18,0.22,0.13,1810,4.7,84,3.1,152,46.5,Landgemeinde
7340502,7340,Bundenthal,FDP,yellow,0.33,0.21,0.19,0.23,0.25,0.27,0.12,1810,4.7,88.9,3.1,152,46.5,Kleinstadt
8115002,8115,Altdorf,FDP,yellow,0.17,0.13,0.12,0.11,0.14,0.21,0.07,1947,3.5,67.7,15.3,129,42.7,Kleinstadt
8116081,8116,Aichtal,Grüne,green,0.07,0.1,0.11,0.13,0.12,0.16,0.12,1959,3.5,67.6,14.5,110,43.1,Kleinstadt
8117012,8117,Bad Boll,Grüne,green,0.11,0.16,0.17,0.21,0.21,0.23,0.17,1856,4.1,68,13.3,79,43.8,Kleinstadt
8117028,8117,Gruibingen,FDP,yellow,0.19,0.13,0.1,0.11,0.17,0.23,0.08,1856,4.1,76.5,13.3,79,43.8,Landgemeinde
8117043,8117,Schlat,FDP,yellow,0.17,0.14,0.16,0.13,0.17,0.25,0.09,1856,4.1,84.2,13.3,79,43.8,Mittelstadt
8118014,8118,Erdmannhausen,Grüne,green,0.07,0.11,0.11,0.13,0.12,0.17,0.12,1947,3.7,68.3,15.3,117,42.7,Kleinstadt
8118016,8118,Freudental,Grüne,green,0.07,0.12,0.12,0.13,0.12,0.17,0.14,1947,3.7,69.4,15.3,117,42.7,Kleinstadt
8118067,8118,Schwieberdingen,FDP,yellow,0.17,0.13,0.12,0.11,0.15,0.2,0.07,1947,3.7,62.2,15.3,117,42.7,Kleinstadt
8119090,8119,Remshalden,FDP,yellow,0.18,0.13,0.12,0.11,0.17,0.23,0.09,1972,3.9,70,13.2,99,43.5,Kleinstadt
8125008,8125,Beilstein,FDP,yellow,0.21,0.17,0.18,0.12,0.18,0.26,0.1,1911,3.5,63,11.3,150,42.6,Kleinstadt
8125030,8125,Flein,FDP,yellow,0.2,0.15,0.14,0.11,0.17,0.24,0.08,1911,3.5,71.4,11.3,150,42.6,Kleinstadt
8125086,8125,Schwaigern,FDP,yellow,0.18,0.15,0.12,0.11,0.15,0.24,0.09,1911,3.5,74.4,11.3,150,42.6,Kleinstadt
8126047,8126,Kupferzell,FDP,yellow,0.18,0.16,0.17,0.14,0.14,0.21,0.09,1884,3,75.3,7.7,89,42.5,Kleinstadt
8127009,8127,Braunsbach,FDP,yellow,0.16,0.15,0.16,0.13,0.14,0.22,0.07,1781,3.5,82.7,7.8,62,42.4,Landgemeinde
8127046,8127,Kirchberg an der Jagst,Grüne,green,0.11,0.15,0.15,0.18,0.16,0.19,0.15,1781,3.5,72.3,7.8,62,42.4,Kleinstadt
8127047,8127,Langenburg,Grüne,green,0.09,0.13,0.11,0.16,0.16,0.15,0.12,1781,3.5,82.4,7.8,62,42.4,Landgemeinde
8127052,8127,Mainhardt,FDP,yellow,0.17,0.14,0.14,0.13,0.14,0.21,0.08,1781,3.5,74.4,7.8,62,42.4,Kleinstadt
8127079,8127,Sulzbach-Laufen,FDP,yellow,0.17,0.14,0.14,0.21,0.21,0.29,0.11,1781,3.5,81,7.8,62,42.4,Kleinstadt
8127099,8127,Wolpertshausen,Grüne,green,0.09,0.11,0.11,0.15,0.14,0.18,0.12,1781,3.5,74,7.8,62,42.4,Kleinstadt
8221000,8221,Heidelberg,Grüne,green,0.1,0.18,0.18,0.23,0.2,0.22,0.18,1846,5.4,58.6,18.4,134,39.9,Großstadt
8226012,8226,Dossenheim,Grüne,green,0.1,0.15,0.15,0.21,0.17,0.19,0.16,1930,4.5,69,10.2,131,43.7,Kleinstadt
8226020,8226,Eschelbronn,AfD,blue,0.1,0.09,0.09,0.1,0.1,0.11,0.11,1930,4.5,76.3,10.2,131,43.7,Kleinstadt
8226022,8226,Gaiberg,Grüne,green,0.08,0.11,0.1,0.15,0.13,0.15,0.12,1930,4.5,69,10.2,131,43.7,Kleinstadt
8226056,8226,Neckargemünd,Grüne,green,0.08,0.14,0.14,0.18,0.17,0.17,0.14,1930,4.5,67.5,10.2,131,43.7,Kleinstadt
8226082,8226,Schriesheim,Grüne,green,0.07,0.13,0.12,0.18,0.15,0.17,0.14,1930,4.5,68.9,10.2,131,43.7,Kleinstadt
8235029,8235,Gechingen,FDP,yellow,0.15,0.13,0.13,0.1,0.14,0.22,0.07,1870,4.1,69.1,11.8,117,43.5,Kleinstadt
8311000,8311,Freiburg im Breisgau,Grüne,green,0.12,0.21,0.23,0.29,0.26,0.25,0.21,1679,6,62.4,14.8,178,39.9,Großstadt
8315003,8315,Au,Grüne,green,0.12,0.13,0.22,0.25,0.23,0.23,0.19,1907,3.4,69.8,8.7,124,43.7,Kleinstadt
8315014,8315,Bollschweil,Grüne,green,0.08,0.16,0.17,0.21,0.17,0.19,0.17,1907,3.4,73.4,8.7,124,43.7,Kleinstadt
8315020,8315,Buchenbach,Grüne,green,0.08,0.16,0.18,0.19,0.19,0.2,0.14,1907,3.4,80.2,8.7,124,43.7,Kleinstadt
8315022,8315,Buggingen,Grüne,green,0.07,0.11,0.12,0.14,0.14,0.18,0.14,1907,3.4,75.1,8.7,124,43.7,Kleinstadt
8315047,8315,Gundelfingen,Grüne,green,0.09,0.17,0.18,0.21,0.19,0.21,0.17,1907,3.4,67.4,8.7,124,43.7,Kleinstadt
8315064,8315,Kirchzarten,Grüne,green,0.08,0.18,0.18,0.22,0.2,0.21,0.16,1907,3.4,74.3,8.7,124,43.7,Kleinstadt
8315073,8315,Merzhausen,Grüne,green,0.11,0.22,0.24,0.28,0.26,0.25,0.22,1907,3.4,67.6,8.7,124,43.7,Kleinstadt
8315098,8315,Schallstadt,Grüne,green,0.09,0.15,0.15,0.2,0.17,0.19,0.16,1907,3.4,71.1,8.7,124,43.7,Kleinstadt
8315107,8315,Sölden,Grüne,green,0.11,0.16,0.2,0.29,0.25,0.22,0.19,1907,3.4,70.8,8.7,124,43.7,Kleinstadt
8315108,8315,Staufen im Breisgau,Grüne,green,0.07,0.14,0.16,0.19,0.19,0.21,0.18,1907,3.4,69.7,8.7,124,43.7,Kleinstadt
8315109,8315,Stegen,Grüne,green,0.08,0.15,0.17,0.2,0.18,0.2,0.16,1907,3.4,80.2,8.7,124,43.7,Kleinstadt
8315111,8315,Sulzburg,Grüne,green,0.07,0.17,0.17,0.2,0.2,0.24,0.17,1907,3.4,72.1,8.7,124,43.7,Kleinstadt
8315125,8315,Wittnau,Grüne,green,0.1,0.16,0.17,0.23,0.21,0.22,0.17,1907,3.4,77.5,8.7,124,43.7,Kleinstadt
8315132,8315,March,Grüne,green,0.08,0.13,0.13,0.18,0.17,0.17,0.14,1907,3.4,75.5,8.7,124,43.7,Kleinstadt
8316009,8316,Denzlingen,Grüne,green,0.07,0.13,0.14,0.17,0.16,0.17,0.13,1774,3.3,70,7.6,83,43.4,Kleinstadt
8316045,8316,Vörstetten,Grüne,green,0.08,0.15,0.15,0.18,0.19,0.18,0.14,1774,3.3,71.2,7.6,83,43.4,Kleinstadt
8327007,8327,Bubsheim,CDU/CSU,black,0.85,0.77,0.7,0.8,0.66,0.57,0.7,1977,2.8,80.7,12,72,42.4,Landgemeinde
8335043,8335,Konstanz,Grüne,green,0.09,0.15,0.15,0.19,0.17,0.2,0.16,1854,4.2,63.2,12,105,43.1,Mittelstadt
8335098,8335,Bodman-Ludwigshafen,FDP,yellow,0.16,0.14,0.14,0.13,0.19,0.26,0.09,1854,4.2,70.1,12,105,43.1,Kleinstadt
8336008,8336,Binzen,Grüne,green,0.08,0.12,0.13,0.14,0.14,0.18,0.12,1926,3.5,68.4,12.2,153,43.1,Landgemeinde
8415028,8415,Grabenstetten,FDP,yellow,0.19,0.18,0.15,0.11,0.17,0.24,0.09,1920,3.8,81,12.6,81,43.2,Kleinstadt
8415048,8415,Mehrstetten,FDP,yellow,0.2,0.16,0.15,0.13,0.16,0.26,0.12,1920,3.8,85,12.6,81,43.2,Kleinstadt
8416022,8416,Kirchentellinsfurt,Grüne,green,0.09,0.14,0.15,0.16,0.18,0.19,0.15,1785,3.3,67.3,11.2,88,40.7,Kleinstadt
8416023,8416,Kusterdingen,Grüne,green,0.09,0.13,0.15,0.18,0.19,0.19,0.15,1785,3.3,69.8,11.2,88,40.7,Kleinstadt
8416026,8416,Nehren,Grüne,green,0.07,0.11,0.11,0.12,0.14,0.17,0.12,1785,3.3,70.5,11.2,88,40.7,Kleinstadt
8416041,8416,Tübingen,Grüne,green,0.14,0.21,0.25,0.27,0.27,0.27,0.22,1785,3.3,63.5,11.2,88,40.7,Mittelstadt
8416048,8416,Ammerbuch,Grüne,green,0.09,0.13,0.15,0.16,0.17,0.19,0.14,1785,3.3,67.8,11.2,88,40.7,Kleinstadt
8425052,8425,Grundsheim,CDU/CSU,black,0.78,0.73,0.65,0.86,0.77,0.67,0.86,1816,2.8,95,9.8,131,42.2,Kleinstadt
8425124,8425,Unterstadion,CDU/CSU,black,0.76,0.7,0.62,0.76,0.64,0.57,0.72,1816,2.8,92.8,9.8,131,42.2,Kleinstadt
8426005,8426,Alleshausen,CDU/CSU,black,0.77,0.76,0.61,0.74,0.71,0.61,0.72,1818,2.6,92,7,72,41.9,Landgemeinde
8435020,8435,Heiligenberg,Grüne,green,0.07,0.13,0.16,0.18,0.17,0.2,0.19,1970,2.8,61.9,10.5,61,43.9,Kleinstadt
8435047,8435,Owingen,Grüne,green,0.08,0.13,0.12,0.14,0.13,0.15,0.15,1970,2.8,69.4,10.5,61,43.9,Mittelstadt
8435052,8435,Salem,Grüne,green,0.08,0.12,0.13,0.14,0.14,0.17,0.14,1970,2.8,70.3,10.5,61,43.9,Kleinstadt
8436077,8436,Unterwaldhausen,Grüne,green,0.09,0.14,0.28,0.17,0.18,0.17,0.14,1835,2.9,77,8.3,63,42.3,Landgemeinde
8437124,8437,Herdwangen-Schönach,Grüne,green,0.09,0.13,0.16,0.15,0.15,0.18,0.15,1778,3.7,71.9,7.8,54,42.9,Kleinstadt
9171115,9171,Erlbach,CDU/CSU,black,0.77,0.74,0.74,0.88,0.74,0.61,0.77,1849,3.5,95,7.9,57,44,Landgemeinde
9171119,9171,Halsbach,CDU/CSU,black,0.74,0.74,0.69,0.8,0.69,0.64,0.73,1849,3.5,89.4,7.9,57,44,Landgemeinde
9171127,9171,Pleiskirchen,CDU/CSU,black,0.78,0.76,0.72,0.83,0.71,0.63,0.72,1849,3.5,91.1,7.9,57,44,Landgemeinde
9173131,9173,Jachenau,CDU/CSU,black,0.82,0.81,0.77,0.84,0.74,0.66,0.74,2118,2.8,89,9.6,36,43.6,Landgemeinde
9175119,9175,Frauenneuharting,CDU/CSU,black,0.71,0.76,0.7,0.83,0.73,0.63,0.68,2124,2.4,87,10.4,110,42,Landgemeinde
9175136,9175,Emmering,CDU/CSU,black,0.72,0.77,0.68,0.83,0.76,0.58,0.65,2124,2.4,88.4,10.4,110,42,Landgemeinde
9176137,9176,Kinding,CDU/CSU,black,0.76,0.73,0.67,0.81,0.69,0.66,0.71,1838,1.4,92,6.5,63,41.3,Landgemeinde
9176147,9176,Mindelstetten,CDU/CSU,black,0.74,0.78,0.65,0.8,0.67,0.68,0.72,1838,1.4,84.4,6.5,63,41.3,Landgemeinde
9176155,9176,Pollenfeld,CDU/CSU,black,0.78,0.71,0.65,0.77,0.68,0.62,0.68,1838,1.4,93.8,6.5,63,41.3,Landgemeinde
9176164,9176,Titting,CDU/CSU,black,0.8,0.78,0.78,0.85,0.78,0.68,0.73,1838,1.4,95.1,6.5,63,41.3,Landgemeinde
9178124,9178,Freising,Grüne,green,0.1,0.12,0.1,0.13,0.14,0.22,0.17,1880,2.4,63.9,13.5,53,40.5,Mittelstadt
9179125,9179,Grafrath,Grüne,green,0.08,0.11,0.12,0.17,0.16,0.19,0.15,2053,3.2,63.6,11.1,35,43.4,Landgemeinde
9179126,9179,Gröbenzell,Grüne,green,0.07,0.1,0.11,0.16,0.15,0.17,0.12,2053,3.2,62.6,11.1,35,43.4,Kleinstadt
9180113,9180,Bad Bayersoien,CDU/CSU,black,0.72,0.72,0.69,0.78,0.67,0.55,0.66,2029,3.7,83,10,34,45.7,Landgemeinde
9180122,9180,Krün,CDU/CSU,black,0.73,0.77,0.71,0.79,0.66,0.59,0.67,2029,3.7,81.2,10,34,45.7,Landgemeinde
9180136,9180,Wallgau,CDU/CSU,black,0.78,0.77,0.73,0.85,0.74,0.68,0.76,2029,3.7,81.6,10,34,45.7,Landgemeinde
9181146,9181,Windach,Grüne,green,0.07,0.11,0.1,0.14,0.14,0.16,0.13,1977,3,71,6.5,44,42.6,Landgemeinde
9183123,9183,Kirchdorf,CDU/CSU,black,0.74,0.75,0.71,0.81,0.76,0.62,0.71,1835,4,91,8.3,40,43,Landgemeinde
9183134,9183,Oberneukirchen,CDU/CSU,black,0.76,0.81,0.78,0.89,0.84,0.78,0.83,1835,4,92,8.3,40,43,Landgemeinde
9183143,9183,Schönberg,CDU/CSU,black,0.74,0.78,0.68,0.85,0.75,0.71,0.74,1835,4,91.8,8.3,40,43,Landgemeinde
9184120,9184,Gräfelfing,Grüne,green,0.08,0.12,0.11,0.17,0.15,0.16,0.12,2486,3,62.3,14.1,87,42.7,Kleinstadt
9184122,9184,Grünwald,FDP,yellow,0.25,0.23,0.19,0.12,0.25,0.32,0.19,2486,3,58.4,14.1,87,42.7,Kleinstadt
9185116,9185,Berg im Gau,CDU/CSU,black,0.81,0.79,0.72,0.85,0.74,0.68,0.73,1787,2.2,93,7.7,62,42.3,Landgemeinde
9185123,9185,Brunnen,CDU/CSU,black,0.83,0.78,0.74,0.85,0.71,0.63,0.77,1787,2.2,90.2,7.7,62,42.3,Landgemeinde
9185127,9185,Ehekirchen,CDU/CSU,black,0.76,0.71,0.67,0.77,0.69,0.62,0.67,1787,2.2,90.2,7.7,62,42.3,Landgemeinde
9185131,9185,Gachenbach,CDU/CSU,black,0.79,0.74,0.72,0.8,0.71,0.64,0.72,1787,2.2,88.9,7.7,62,42.3,Landgemeinde
9185143,9185,Langenmosen,CDU/CSU,black,0.77,0.73,0.72,0.82,0.73,0.66,0.77,1787,2.2,91.5,7.7,62,42.3,Landgemeinde
9185163,9185,Königsmoos,CDU/CSU,black,0.75,0.7,0.65,0.77,0.67,0.59,0.69,1787,2.2,88.4,7.7,62,42.3,Landgemeinde
9186128,9186,Hohenwart,CDU/CSU,black,0.73,0.72,0.65,0.77,0.66,0.6,0.66,1938,2.1,80.4,8.4,87,42,Landgemeinde
9188124,9188,Herrsching a.Ammersee,Grüne,green,0.08,0.11,0.12,0.16,0.16,0.17,0.13,2898,3,56.4,11.5,80,44.2,Kleinstadt
9188144,9188,Weßling,Grüne,green,0.07,0.11,0.12,0.18,0.17,0.2,0.14,2898,3,65.9,11.5,80,44.2,Kleinstadt
9188145,9188,Wörthsee,Grüne,green,0.08,0.12,0.13,0.17,0.16,0.19,0.14,2898,3,63.7,11.5,80,44.2,Kleinstadt
9190143,9190,Prem,CDU/CSU,black,0.77,0.76,0.71,0.8,0.67,0.6,0.7,1974,2.9,85,7.2,33,43.6,Landgemeinde
9190145,9190,Rottenbuch,CDU/CSU,black,0.72,0.68,0.69,0.8,0.7,0.58,0.65,1974,2.9,86.9,7.2,33,43.6,Landgemeinde
9190149,9190,Schwabbruck,CDU/CSU,black,0.71,0.7,0.66,0.79,0.64,0.56,0.66,1974,2.9,88,7.2,33,43.6,Landgemeinde
9190160,9190,Wildsteig,CDU/CSU,black,0.78,0.79,0.71,0.82,0.68,0.57,0.67,1974,2.9,90.2,7.2,33,43.6,Landgemeinde
9271118,9271,Buchhofen,CDU/CSU,black,0.76,0.73,0.64,0.78,0.74,0.65,0.75,1732,3.1,96.5,5.7,46,43.4,Landgemeinde
9273113,9273,Aiglsbach,CDU/CSU,black,0.77,0.78,0.75,0.82,0.75,0.63,0.74,1808,2.8,86.4,8.3,54,42.2,Landgemeinde
9273127,9273,Herrngiersdorf,CDU/CSU,black,0.72,0.72,0.66,0.82,0.67,0.6,0.65,1808,2.8,91,8.3,54,42.2,Kleinstadt
9276128,9276,Kollnburg,CDU/CSU,black,0.73,0.69,0.64,0.84,0.73,0.57,0.65,1648,3.7,94.1,3.4,22,44.7,Landgemeinde
9277119,9277,Falkenberg,CDU/CSU,black,0.72,0.71,0.67,0.83,0.72,0.56,0.69,1764,3.5,92.3,7,59,43.7,Landgemeinde
9277122,9277,Geratskirchen,CDU/CSU,black,0.76,0.7,0.66,0.86,0.71,0.61,0.76,1764,3.5,92,7,59,43.7,Landgemeinde
9278129,9278,Haibach,CDU/CSU,black,0.72,0.68,0.68,0.84,0.73,0.62,0.73,1723,2.8,90.5,4.8,18,42.8,Landgemeinde
9278167,9278,Oberschneiding,CDU/CSU,black,0.74,0.73,0.68,0.8,0.71,0.61,0.7,1723,2.8,91.3,4.8,18,42.8,Landgemeinde
9372142,9372,Michelsneukirchen,CDU/CSU,black,0.72,0.75,0.69,0.85,0.72,0.56,0.67,1706,3.3,95,3.5,34,43.8,Landgemeinde
9373112,9373,Berching,CDU/CSU,black,0.73,0.71,0.66,0.79,0.68,0.58,0.67,1791,2.2,89.8,5.9,61,42.6,Kleinstadt
9373114,9373,Berngau,CDU/CSU,black,0.75,0.76,0.7,0.82,0.69,0.62,0.69,1791,2.2,93,5.9,61,42.6,Landgemeinde
9373115,9373,Breitenbrunn,CDU/CSU,black,0.74,0.72,0.68,0.81,0.68,0.59,0.68,1791,2.2,90.8,5.9,61,42.6,Landgemeinde
9373119,9373,Deining,CDU/CSU,black,0.75,0.74,0.66,0.78,0.64,0.56,0.65,1791,2.2,90,5.9,61,42.6,Landgemeinde
9373160,9373,Seubersdorf i.d.OPf.,CDU/CSU,black,0.72,0.68,0.67,0.8,0.66,0.6,0.69,1791,2.2,94,5.9,61,42.6,Kleinstadt
9373167,9373,Velburg,CDU/CSU,black,0.76,0.73,0.66,0.79,0.67,0.57,0.65,1791,2.2,90.6,5.9,61,42.6,Kleinstadt
9376133,9376,Guteneck,CDU/CSU,black,0.74,0.73,0.7,0.86,0.74,0.62,0.69,1683,3.3,98.2,5.1,36,43.7,Kleinstadt
9376159,9376,Schmidgaden,CDU/CSU,black,0.78,0.7,0.62,0.8,0.67,0.59,0.69,1683,3.3,95.4,5.1,36,43.7,Landgemeinde
9376178,9376,Winklarn,CDU/CSU,black,0.71,0.68,0.67,0.81,0.68,0.56,0.68,1683,3.3,93,5.1,36,43.7,Landgemeinde
9377131,9377,Konnersreuth,CDU/CSU,black,0.75,0.7,0.63,0.75,0.68,0.57,0.65,1724,4.5,95.8,2.7,30,44.9,Landgemeinde
9377139,9377,Mähring,CDU/CSU,black,0.75,0.7,0.66,0.75,0.64,0.56,0.71,1724,4.5,95.7,2.7,30,44.9,Landgemeinde
9471151,9471,Königsfeld,CDU/CSU,black,0.82,0.78,0.76,0.87,0.76,0.7,0.66,1825,2.9,95,3.1,50,42.7,Landgemeinde
9471189,9471,Stadelhofen,CDU/CSU,black,0.76,0.73,0.69,0.86,0.7,0.66,0.72,1825,2.9,95.8,3.1,50,42.7,Landgemeinde
9471209,9471,Wattendorf,CDU/CSU,black,0.85,0.73,0.73,0.89,0.8,0.73,0.79,1825,2.9,99,3.1,50,42.7,Landgemeinde
9472156,9472,Kirchenpingarten,CDU/CSU,black,0.83,0.77,0.73,0.85,0.71,0.66,0.7,1795,3.7,95.2,2.8,32,44.5,Kleinstadt
9476179,9476,Tettau,SPD,red,0.64,0.66,0.7,0.62,0.57,0.47,0.49,2011,4.4,80.9,3.1,31,46.2,Landgemeinde
9562000,9562,Erlangen,Grüne,green,0.07,0.1,0.1,0.13,0.13,0.15,0.13,1974,4.1,64.1,13.8,67,41.4,Großstadt
9572120,9572,Buckenhof,Grüne,green,0.08,0.1,0.12,0.16,0.16,0.19,0.19,2049,2.3,68.8,6.5,72,43.3,Kleinstadt
9576122,9576,Greding,CDU/CSU,black,0.74,0.7,0.67,0.79,0.69,0.59,0.67,1927,2.9,89,4.9,54,43.6,Kleinstadt
9577133,9577,Gnotzheim,CDU/CSU,black,0.77,0.71,0.69,0.79,0.68,0.57,0.69,1778,3.4,96.4,6.3,25,44.1,Landgemeinde
9577163,9577,Raitenbuch,CDU/CSU,black,0.75,0.71,0.67,0.76,0.7,0.61,0.68,1778,3.4,94,6.3,25,44.1,Landgemeinde
9673129,9673,Hausen,CDU/CSU,black,0.78,0.75,0.71,0.79,0.7,0.64,0.7,1738,3.2,92,3,36,44.3,Landgemeinde
9673174,9673,Trappstadt,CDU/CSU,black,0.79,0.72,0.67,0.77,0.7,0.57,0.66,1738,3.2,89,3,36,44.3,Landgemeinde
9675155,9675,Nordheim a.Main,CDU/CSU,black,0.88,0.77,0.74,0.78,0.7,0.61,0.71,1823,3.2,93.7,5.9,45,43.7,Kleinstadt
9677128,9677,Fellen,CDU/CSU,black,0.77,0.72,0.65,0.74,0.7,0.61,0.7,1824,2.5,94,4.9,25,44.9,Landgemeinde
9679136,9679,Gerbrunn,Grüne,green,0.07,0.11,0.12,0.14,0.15,0.16,0.13,1859,2.7,75,4.4,63,43.7,Kleinstadt
9679179,9679,Riedenheim,CDU/CSU,black,0.81,0.76,0.7,0.79,0.7,0.6,0.71,1859,2.7,94.7,4.4,63,43.7,Landgemeinde
9679188,9679,Sonderhofen,CDU/CSU,black,0.74,0.68,0.67,0.74,0.69,0.63,0.71,1859,2.7,93.9,4.4,63,43.7,Landgemeinde
9771162,9771,Schiltberg,CDU/CSU,black,0.75,0.68,0.68,0.8,0.67,0.56,0.68,1985,2.7,87.3,6.3,80,42.7,Landgemeinde
9771165,9771,Sielenbach,CDU/CSU,black,0.78,0.74,0.72,0.81,0.66,0.57,0.67,1985,2.7,89,6.3,80,42.7,Kleinstadt
9773150,9773,Finningen,CDU/CSU,black,0.72,0.71,0.65,0.81,0.68,0.57,0.68,1896,2.4,93.1,6.7,19,42.9,Kleinstadt
9774111,9774,Aletshausen,CDU/CSU,black,0.74,0.69,0.63,0.77,0.68,0.59,0.74,1995,2.9,89.7,10.1,70,42.6,Landgemeinde
9774116,9774,Ursberg,CDU/CSU,black,0.79,0.77,0.72,0.78,0.69,0.58,0.67,1995,2.9,93.1,10.1,70,42.6,Landgemeinde
9774166,9774,Aichen,CDU/CSU,black,0.74,0.71,0.69,0.81,0.68,0.57,0.67,1995,2.9,92,10.1,70,42.6,Landgemeinde
9774189,9774,Wiesenbach,CDU/CSU,black,0.72,0.69,0.65,0.76,0.65,0.54,0.65,1995,2.9,93.4,10.1,70,42.6,Landgemeinde
9777139,9777,Irsee,Grüne,green,0.1,0.14,0.13,0.12,0.12,0.18,0.14,1861,2.8,81.5,6.7,20,43.2,Landgemeinde
9777141,9777,Kaltental,CDU/CSU,black,0.72,0.68,0.64,0.74,0.64,0.58,0.66,1861,2.8,87,6.7,20,43.2,Landgemeinde
9777144,9777,Kraftisried,CDU/CSU,black,0.72,0.73,0.67,0.79,0.69,0.66,0.73,1861,2.8,88.9,6.7,20,43.2,Landgemeinde
9777149,9777,Lengenwang,CDU/CSU,black,0.71,0.71,0.69,0.81,0.77,0.6,0.69,1861,2.8,92,6.7,20,43.2,Landgemeinde
9778119,9778,Böhen,CDU/CSU,black,0.8,0.77,0.72,0.83,0.78,0.6,0.76,1956,2.2,91,6.5,41,43.3,Kleinstadt
9778121,9778,Breitenbrunn,CDU/CSU,black,0.73,0.68,0.64,0.8,0.7,0.54,0.67,1956,2.2,91.8,6.5,41,43.3,Landgemeinde
9778149,9778,Hawangen,CDU/CSU,black,0.75,0.7,0.66,0.79,0.67,0.6,0.7,1956,2.2,87.6,6.5,41,43.3,Kleinstadt
9778157,9778,Kirchhaslach,CDU/CSU,black,0.8,0.73,0.69,0.83,0.71,0.56,0.68,1956,2.2,91.4,6.5,41,43.3,Kleinstadt
9779112,9779,Amerdingen,CDU/CSU,black,0.72,0.69,0.65,0.78,0.67,0.62,0.69,1942,2.1,85,6.8,51,42.7,Landgemeinde
9779138,9779,Ehingen a.Ries,CDU/CSU,black,0.77,0.74,0.67,0.79,0.74,0.63,0.71,1942,2.1,95.6,6.8,51,42.7,Kleinstadt
9779147,9779,Fremdingen,CDU/CSU,black,0.77,0.75,0.66,0.82,0.76,0.61,0.69,1942,2.1,94.7,6.8,51,42.7,Landgemeinde
9779176,9779,Maihingen,CDU/CSU,black,0.74,0.72,0.7,0.82,0.73,0.63,0.69,1942,2.1,93.7,6.8,51,42.7,Landgemeinde
9779180,9779,Megesheim,CDU/CSU,black,0.78,0.75,0.7,0.82,0.72,0.63,0.72,1942,2.1,94,6.8,51,42.7,Kleinstadt
9779188,9779,Munningen,CDU/CSU,black,0.76,0.71,0.66,0.77,0.72,0.65,0.77,1942,2.1,95.4,6.8,51,42.7,Kleinstadt
9779231,9779,Wolferstadt,CDU/CSU,black,0.76,0.76,0.72,0.8,0.71,0.58,0.7,1942,2.1,98,6.8,51,42.7,Kleinstadt
9780116,9780,Bolsterlang,CDU/CSU,black,0.71,0.71,0.7,0.8,0.68,0.57,0.65,1932,3.1,85,6.8,21,44.3,Landgemeinde
9780131,9780,Obermaiselstein,CDU/CSU,black,0.71,0.75,0.78,0.81,0.74,0.61,0.68,1932,3.1,83,6.8,21,44.3,Landgemeinde
12053000,12053,Frankfurt,Linke,Linke,0.19,0.27,0.22,0.2,0.31,0.34,0.27,1428,13.1,12.8,5.9,114,46.7,Mittelstadt
12060020,12060,Bernau bei Berlin,Linke,Linke,0.21,0.3,0.28,0.23,0.31,0.37,0.3,1586,8.6,13.3,2.4,195,46.1,Mittelstadt
12060024,12060,Biesenthal,Linke,Linke,0.13,0.21,0.25,0.19,0.29,0.32,0.26,1586,8.6,19.7,2.4,195,46.1,Kleinstadt
12060052,12060,Eberswalde,Linke,Linke,0.11,0.2,0.23,0.2,0.32,0.34,0.28,1586,8.6,13.4,2.4,195,46.1,Mittelstadt
12060269,12060,Wandlitz,Linke,Linke,0.13,0.23,0.24,0.2,0.27,0.32,0.25,1586,8.6,16.2,2.4,195,46.1,Mittelstadt
12064130,12064,Fichtenhöhe,AfD,blue,0.15,0.15,0.14,0.12,0.12,0.16,0.15,1547,9.1,19.9,1.8,141,46.6,Landgemeinde
12064205,12064,Heckelberg-Brunow,Linke,Linke,0.11,0.19,0.26,0.22,0.38,0.41,0.28,1547,9.1,16,1.8,141,46.6,Landgemeinde
12064227,12064,Hoppegarten,Linke,Linke,0.15,0.26,0.28,0.24,0.27,0.33,0.27,1547,9.1,10.2,1.8,141,46.6,Kleinstadt
12064340,12064,Neuhardenberg,Linke,Linke,0.25,0.33,0.25,0.24,0.35,0.36,0.28,1547,9.1,22.1,1.8,141,46.6,Landgemeinde
12064448,12064,Seelow,Linke,Linke,0.18,0.25,0.25,0.21,0.35,0.36,0.29,1547,9.1,14.2,1.8,141,46.6,Kleinstadt
12064472,12064,Strausberg,Linke,Linke,0.33,0.39,0.34,0.26,0.35,0.39,0.31,1547,9.1,9.1,1.8,141,46.6,Mittelstadt
12064484,12064,Waldsieversdorf,Linke,Linke,0.16,0.29,0.22,0.2,0.3,0.34,0.27,1547,9.1,21.2,1.8,141,46.6,Landgemeinde
12064539,12064,Zeschdorf,Linke,Linke,0.12,0.21,0.24,0.24,0.34,0.38,0.29,1547,9.1,15,1.8,141,46.6,Landgemeinde
12065100,12065,Gransee,Linke,Linke,0.13,0.21,0.22,0.19,0.29,0.31,0.26,1559,8.3,24,2.2,201,45.5,Kleinstadt
12066304,12066,Senftenberg,Linke,Linke,0.11,0.2,0.22,0.2,0.32,0.31,0.26,1509,12.5,13.2,1.8,161,48.6,Mittelstadt
12067024,12067,Bad Saarow,Linke,Linke,0.17,0.27,0.27,0.23,0.28,0.33,0.25,1550,9,17.3,3.1,223,47.3,Kleinstadt
12067120,12067,Eisenhüttenstadt,Linke,Linke,0.13,0.22,0.22,0.2,0.32,0.33,0.26,1550,9,8.4,3.1,223,47.3,Mittelstadt
12067124,12067,Erkner,Linke,Linke,0.21,0.27,0.25,0.23,0.31,0.36,0.28,1550,9,13.9,3.1,223,47.3,Kleinstadt
12067201,12067,Grünheide,Linke,Linke,0.1,0.19,0.21,0.19,0.28,0.31,0.24,1550,9,15.6,3.1,223,47.3,Kleinstadt
12070296,12070,Perleberg,Linke,Linke,0.12,0.19,0.22,0.19,0.28,0.31,0.26,1508,12,22.6,1.8,112,48.8,Kleinstadt
12071153,12071,Groß Schacksdorf-Simmersdorf,Linke,Linke,0.24,0.29,0.22,0.21,0.36,0.31,0.25,1573,10.3,17.8,1.9,81,48.6,Landgemeinde
12073490,12073,Schenkenberg,Linke,Linke,0.11,0.19,0.22,0.24,0.31,0.34,0.27,1448,15.4,30.2,2.3,119,48.1,Landgemeinde
12073520,12073,Schönfeld,Linke,Linke,0.14,0.21,0.25,0.22,0.29,0.4,0.31,1448,15.4,25,2.3,119,48.1,Landgemeinde
13071016,13071,Breesen,Linke,Linke,0.19,0.23,0.27,0.2,0.33,0.39,0.28,1461,13.2,21.7,1.6,65,47,Kleinstadt
13071042,13071,Godendorf,Linke,Linke,0.14,0.19,0.24,0.21,0.27,0.38,0.28,1461,13.2,7.4,1.6,65,47,Landgemeinde
13071049,13071,Grapzow,AfD,blue,0.09,0.09,0.08,0.11,0.1,0.14,0.13,1461,13.2,23,1.6,65,47,Kleinstadt
13071050,13071,Grischow,AfD,blue,0.1,0.09,0.08,0.09,0.1,0.13,0.12,1461,13.2,1.1,1.6,65,47,Kleinstadt
13071057,13071,Groß Teetzleben,Linke,Linke,0.16,0.28,0.3,0.24,0.34,0.4,0.3,1461,13.2,19.3,1.6,65,47,Kleinstadt
13071059,13071,Gültz,Linke,Linke,0.12,0.19,0.25,0.19,0.31,0.38,0.25,1461,13.2,29,1.6,65,47,Kleinstadt
13071063,13071,Hohen Wangelin,Linke,Linke,0.11,0.24,0.31,0.18,0.29,0.35,0.27,1461,13.2,23,1.6,65,47,Landgemeinde
13071104,13071,Neddemin,AfD,blue,0.12,0.13,0.08,0.09,0.09,0.1,0.11,1461,13.2,2,1.6,65,47,Landgemeinde
13071107,13071,Neubrandenburg,Linke,Linke,0.23,0.31,0.29,0.21,0.29,0.34,0.26,1461,13.2,13.1,1.6,65,47,Mittelstadt
13071118,13071,Priborn,Linke,Linke,0.15,0.23,0.26,0.23,0.3,0.4,0.33,1461,13.2,16.8,1.6,65,47,Kleinstadt
13071132,13071,Schönhausen,Linke,Linke,0.1,0.23,0.3,0.2,0.31,0.4,0.29,1461,13.2,19,1.6,65,47,Landgemeinde
13071146,13071,Tützpatz,Linke,Linke,0.15,0.2,0.24,0.19,0.29,0.34,0.28,1461,13.2,35.5,1.6,65,47,Kleinstadt
13071154,13071,Vollrathsruhe,Linke,Linke,0.13,0.26,0.28,0.24,0.3,0.38,0.27,1461,13.2,27,1.6,65,47,Landgemeinde
13071159,13071,Wesenberg,Linke,Linke,0.09,0.19,0.22,0.18,0.28,0.32,0.24,1461,13.2,19.4,1.6,65,47,Landgemeinde
13071163,13071,Wolde,Linke,Linke,0.12,0.21,0.22,0.19,0.31,0.36,0.27,1461,13.2,34,1.6,65,47,Kleinstadt
13072023,13072,Dahmen,Linke,Linke,0.24,0.3,0.29,0.26,0.31,0.36,0.31,1521,8.7,26,1.8,88,46.2,Landgemeinde
13072037,13072,Grammow,AfD,blue,0.1,0.11,0.12,0.13,0.12,0.15,0.15,1521,8.7,17,1.8,88,46.2,Landgemeinde
13072067,13072,Lohmen,Linke,Linke,0.13,0.21,0.25,0.18,0.27,0.32,0.27,1521,8.7,22,1.8,88,46.2,Landgemeinde
13072078,13072,Penzin,AfD,blue,0.15,0.14,0.12,0.12,0.13,0.15,0.14,1521,8.7,2.7,1.8,88,46.2,Kleinstadt
13072094,13072,Schorssow,Linke,Linke,0.12,0.18,0.24,0.18,0.28,0.32,0.25,1521,8.7,24,1.8,88,46.2,Landgemeinde
13073019,13073,Dranske,Linke,Linke,0.31,0.34,0.24,0.24,0.3,0.33,0.27,1456,12.8,11,2.1,78,47.2,Landgemeinde
13073021,13073,Dreschvitz,Linke,Linke,0.13,0.25,0.24,0.19,0.3,0.34,0.27,1456,12.8,17.5,2.1,78,47.2,Landgemeinde
13073030,13073,Glowe,Linke,Linke,0.14,0.27,0.25,0.18,0.27,0.35,0.25,1456,12.8,14.5,2.1,78,47.2,Landgemeinde
13073034,13073,Gremersdorf-Buchholz,Linke,Linke,0.12,0.21,0.24,0.21,0.32,0.35,0.25,1456,12.8,24,2.1,78,47.2,Landgemeinde
13073042,13073,Karnin,AfD,blue,0.13,0.12,0.11,0.1,0.09,0.11,0.12,1456,12.8,18,2.1,78,47.2,Kleinstadt
13073047,13073,Kummerow,AfD,blue,0.11,0.12,0.11,0.14,0.12,0.14,0.16,1456,12.8,16,2.1,78,47.2,Landgemeinde
13073052,13073,Lohme,AfD,blue,0.08,0.09,0.08,0.08,0.09,0.1,0.12,1456,12.8,17.2,2.1,78,47.2,Landgemeinde
13073059,13073,Neuenkirchen,AfD,blue,0.08,0.09,0.08,0.09,0.09,0.11,0.13,1456,12.8,25,2.1,78,47.2,Landgemeinde
13073078,13073,Sagard,Linke,Linke,0.16,0.26,0.27,0.19,0.29,0.33,0.25,1456,12.8,10.9,2.1,78,47.2,Landgemeinde
13073080,13073,Sassnitz,Linke,Linke,0.16,0.28,0.28,0.22,0.3,0.36,0.27,1456,12.8,11.4,2.1,78,47.2,Kleinstadt
13073083,13073,Sehlen,Linke,Linke,0.12,0.21,0.22,0.19,0.28,0.35,0.27,1456,12.8,16,2.1,78,47.2,Kleinstadt
13073095,13073,Ummanz,AfD,blue,0.09,0.09,0.08,0.1,0.09,0.11,0.11,1456,12.8,21.9,2.1,78,47.2,Landgemeinde
13073098,13073,Wendisch Baggendorf,Linke,Linke,0.14,0.27,0.25,0.21,0.31,0.34,0.28,1456,12.8,9,2.1,78,47.2,Landgemeinde
13074030,13074,Groß Stieten,Linke,Linke,0.18,0.24,0.29,0.18,0.32,0.46,0.29,1460,9.3,10,2.2,144,45.5,Landgemeinde
13074061,13074,Perlin,AfD,blue,0.14,0.15,0.11,0.12,0.1,0.14,0.14,1460,9.3,24,2.2,144,45.5,Landgemeinde
13075011,13075,Bergholz,AfD,blue,0.07,0.07,0.08,0.09,0.09,0.12,0.12,1387,13.6,39.3,3,111,46.2,Landgemeinde
13075043,13075,Groß Polzin,Linke,Linke,0.19,0.3,0.27,0.21,0.31,0.37,0.3,1387,13.6,31,3,111,46.2,Landgemeinde
13075058,13075,Karlshagen,Linke,Linke,0.31,0.43,0.31,0.26,0.32,0.38,0.27,1387,13.6,12.7,3,111,46.2,Landgemeinde
13075092,13075,Mölschow,AfD,blue,0.11,0.12,0.09,0.08,0.08,0.1,0.12,1387,13.6,21.1,3,111,46.2,Landgemeinde
13075095,13075,Nadrensee,AfD,blue,0.08,0.07,0.09,0.09,0.11,0.14,0.14,1387,13.6,49,3,111,46.2,Landgemeinde
13075105,13075,Pasewalk,Linke,Linke,0.17,0.23,0.24,0.23,0.28,0.32,0.24,1387,13.6,17.1,3,111,46.2,Kleinstadt
13075126,13075,Schönwalde,AfD,blue,0.09,0.1,0.08,0.09,0.09,0.1,0.12,1387,13.6,26,3,111,46.2,Landgemeinde
13075130,13075,Strasburg,Linke,Linke,0.18,0.25,0.24,0.2,0.31,0.33,0.27,1387,13.6,18.7,3,111,46.2,Landgemeinde
13075131,13075,Torgelow,Linke,Linke,0.2,0.28,0.24,0.2,0.3,0.33,0.25,1387,13.6,10.4,3,111,46.2,Kleinstadt
13076015,13076,Borkow,Linke,Linke,0.12,0.18,0.28,0.19,0.36,0.4,0.27,1547,8.4,18,3,106,46.2,Landgemeinde
13076023,13076,Bülow,Linke,Linke,0.15,0.23,0.24,0.17,0.32,0.35,0.4,1547,8.4,26,3,106,46.2,Landgemeinde
13076029,13076,Demen,Linke,Linke,0.33,0.43,0.32,0.2,0.28,0.33,0.28,1547,8.4,18.5,3,106,46.2,Landgemeinde
13076051,13076,Granzin,Linke,Linke,0.09,0.2,0.26,0.17,0.31,0.4,0.31,1547,8.4,34.6,3,106,46.2,Kleinstadt
13076065,13076,Hülseburg,AfD,blue,0.1,0.13,0.09,0.11,0.11,0.11,0.12,1547,8.4,28,3,106,46.2,Landgemeinde
13076078,13076,Kuhlen-Wendorf,Linke,Linke,0.12,0.22,0.3,0.2,0.32,0.42,0.32,1547,8.4,16,3,106,46.2,Landgemeinde
13076128,13076,Sternberg,Linke,Linke,0.18,0.28,0.28,0.18,0.28,0.33,0.27,1547,8.4,16.2,3,106,46.2,Landgemeinde
13076135,13076,Techentin,Linke,Linke,0.12,0.27,0.28,0.21,0.28,0.36,0.25,1547,8.4,28,3,106,46.2,Landgemeinde
13076148,13076,Weitendorf,Linke,Linke,0.18,0.3,0.33,0.24,0.36,0.4,0.27,1547,8.4,20,3,106,46.2,Landgemeinde
14521030,14521,Aue,Linke,Linke,0.11,0.2,0.23,0.18,0.28,0.31,0.24,1514,7.9,26.3,1.5,44,47.8,Kleinstadt
14521180,14521,Elterlein,AfD,blue,0.1,0.11,0.1,0.11,0.11,0.13,0.14,1514,7.9,55.2,1.5,44,47.8,Kleinstadt
14523230,14523,Mühlental,AfD,blue,0.09,0.11,0.09,0.1,0.1,0.12,0.13,1553,7.7,53,1.7,54,48.7,Landgemeinde
14625240,14625,Hoyerswerda,Linke,Linke,0.16,0.27,0.28,0.21,0.31,0.34,0.27,1556,8.8,12.4,1.3,38,47.4,Mittelstadt
14626020,14626,Beiersdorf,AfD,blue,0.09,0.1,0.09,0.1,0.1,0.13,0.12,1463,11.8,47,2.4,86,48.4,Landgemeinde
14626070,14626,Dürrhennersdorf,AfD,blue,0.14,0.14,0.12,0.13,0.13,0.18,0.16,1463,11.8,39.8,2.4,86,48.4,Landgemeinde
14626150,14626,Großschweidnitz,AfD,blue,0.09,0.11,0.09,0.11,0.1,0.13,0.13,1463,11.8,19.3,2.4,86,48.4,Kleinstadt
14626270,14626,Lawalde,AfD,blue,0.1,0.11,0.09,0.1,0.1,0.12,0.12,1463,11.8,40.7,2.4,86,48.4,Kleinstadt
14626410,14626,Oppach,AfD,blue,0.1,0.11,0.1,0.11,0.12,0.14,0.14,1463,11.8,37.3,2.4,86,48.4,Landgemeinde
14626510,14626,Schönbach,AfD,blue,0.09,0.1,0.09,0.1,0.1,0.13,0.12,1463,11.8,45.6,2.4,86,48.4,Landgemeinde
14626600,14626,Weißwasser/O.L.,Linke,Linke,0.13,0.26,0.26,0.19,0.31,0.34,0.27,1463,11.8,13.7,2.4,86,48.4,Kleinstadt
14730110,14730,Eilenburg,Linke,Linke,0.12,0.21,0.26,0.19,0.28,0.32,0.24,1530,10,10.7,2,101,47.1,Kleinstadt
15084235,15084,Hohenmölsen,Linke,Linke,0.12,0.19,0.23,0.19,0.32,0.38,0.28,1484,11.1,9.1,3,140,48.3,Kleinstadt
15084360,15084,Nebra,Linke,Linke,0.12,0.2,0.25,0.21,0.31,0.37,0.26,1484,11.1,19.6,3,140,48.3,Landgemeinde
15088250,15088,Nemsdorf-Göhrendorf,Linke,Linke,0.1,0.18,0.25,0.18,0.35,0.37,0.31,1561,9.5,22.6,2,84,47,Landgemeinde
15090310,15090,Klietz,Linke,Linke,0.16,0.23,0.24,0.17,0.3,0.38,0.3,1446,12.9,20,2.1,107,46.9,Landgemeinde
16052000,16052,Gera,Linke,Linke,0.15,0.27,0.29,0.23,0.32,0.36,0.29,1502,11.2,13.9,2.2,63,48.4,Mittelstadt
16054000,16054,Suhl,Linke,Linke,0.19,0.29,0.31,0.24,0.32,0.37,0.3,1659,7.1,14.4,4.9,86,49.6,Mittelstadt
16061014,16061,Bornhagen,AfD,blue,0.22,0.17,0.15,0.18,0.19,0.22,0.25,1517,5.6,,1.5,67,44.8,Landgemeinde
16061027,16061,Effelder,CDU/CSU,black,0.84,0.74,0.69,0.74,0.65,0.62,0.67,1517,5.6,95.1,1.5,67,44.8,Landgemeinde
16061033,16061,Fretterode,AfD,blue,0.21,0.22,0.19,0.2,0.19,0.23,0.21,1517,5.6,61,1.5,67,44.8,Landgemeinde
16061085,16061,Schwobfeld,AfD,blue,0.12,0.11,0.11,0.13,0.12,0.12,0.12,1517,5.6,85.5,1.5,67,44.8,Landgemeinde
16061091,16061,Steinheuterode,AfD,blue,0.12,0.12,0.1,0.1,0.1,0.11,0.12,1517,5.6,5,1.5,67,44.8,Landgemeinde
16061105,16061,Wiesenfeld,AfD,blue,0.11,0.11,0.09,0.11,0.11,0.11,0.11,1517,5.6,92.1,1.5,67,44.8,Landgemeinde
16062041,16062,Nordhausen,Linke,Linke,0.1,0.21,0.24,0.19,0.3,0.33,0.27,1430,9.6,19.7,2.3,113,46.8,Mittelstadt
16063003,16063,Bad Salzungen,Linke,Linke,0.13,0.24,0.26,0.21,0.31,0.38,0.29,1549,5.7,22.7,1.6,59,46.6,Kleinstadt
16063004,16063,Barchfeld-Immelborn,Linke,Linke,0.1,0.2,0.26,0.2,0.32,0.37,0.28,1549,5.7,36.6,1.6,59,46.6,Landgemeinde
16063068,16063,Schleid,CDU/CSU,black,0.85,0.85,0.7,0.76,0.65,0.72,0.76,1549,5.7,94,1.6,59,46.6,Landgemeinde
16063093,16063,Zella/Rhön,CDU/CSU,black,0.74,0.74,0.66,0.75,0.63,0.65,0.68,1549,5.7,96,1.6,59,46.6,Landgemeinde
16064046,16064,Mühlhausen/Thüringen,Linke,Linke,0.09,0.19,0.23,0.18,0.29,0.33,0.27,1459,10.1,27.3,1.4,64,46.2,Mittelstadt
16065002,16065,Artern/Unstrut,Linke,Linke,0.12,0.24,0.26,0.22,0.36,0.41,0.35,1416,11,12.3,1.5,76,47.7,Kleinstadt
16065003,16065,Bad Frankenhausen/Kyffhäuser,Linke,Linke,0.11,0.19,0.23,0.2,0.32,0.37,0.32,1416,11,14.8,1.5,76,47.7,Kleinstadt
16065067,16065,Sondershausen,Linke,Linke,0.09,0.19,0.24,0.19,0.3,0.34,0.26,1416,11,22.9,1.5,76,47.7,Mittelstadt
16065076,16065,Voigtstedt,Linke,Linke,0.09,0.2,0.28,0.22,0.34,0.38,0.35,1416,11,16.7,1.5,76,47.7,Landgemeinde
16066024,16066,Frankenheim/Rhön,Linke,Linke,0.11,0.21,0.24,0.25,0.39,0.45,0.3,1550,5.9,49.6,1.8,24,47.2,Landgemeinde
16066042,16066,Meiningen,Linke,Linke,0.13,0.23,0.26,0.21,0.29,0.34,0.26,1550,5.9,27.5,1.8,24,47.2,Mittelstadt
16066063,16066,Schmalkalden,Linke,Linke,0.1,0.19,0.24,0.18,0.3,0.34,0.27,1550,5.9,38.5,1.8,24,47.2,Kleinstadt
16066076,16066,Untermaßfeld,Linke,Linke,0.1,0.22,0.25,0.23,0.31,0.35,0.3,1550,5.9,22.9,1.8,24,47.2,Mittelstadt
16066092,16066,Zella-Mehlis,Linke,Linke,0.1,0.19,0.24,0.19,0.29,0.31,0.25,1550,5.9,20.5,1.8,24,47.2,Kleinstadt
16067071,16067,Tüttleben,AfD,blue,0.1,0.11,0.1,0.1,0.1,0.15,0.14,1477,7.3,34,3.1,81,46.4,Landgemeinde
16068017,16068,Großmölsen,AfD,blue,0.12,0.11,0.1,0.1,0.09,0.11,0.12,1491,8.7,46,1.3,62,46.2,Landgemeinde
16068051,16068,Sömmerda,Linke,Linke,0.1,0.21,0.27,0.21,0.32,0.36,0.3,1491,8.7,17,1.3,62,46.2,Kleinstadt
16069003,16069,Beinerstadt,Linke,Linke,0.14,0.19,0.3,0.22,0.34,0.45,0.33,1558,5.2,34.2,1.4,34,46.6,Landgemeinde
16069024,16069,Hildburghausen,Linke,Linke,0.13,0.23,0.27,0.22,0.29,0.36,0.27,1558,5.2,28.1,1.4,34,46.6,Kleinstadt
16070001,16070,Alkersleben,AfD,blue,0.1,0.11,0.09,0.09,0.09,0.12,0.12,1477,7.7,3,3.2,84,46.5,Landgemeinde
16070008,16070,Dornheim,AfD,blue,0.16,0.15,0.13,0.14,0.14,0.14,0.15,1477,7.7,29.9,3.2,84,46.5,Landgemeinde
16070015,16070,Frauenwald,AfD,blue,0.09,0.09,0.09,0.11,0.11,0.14,0.13,1477,7.7,40.2,3.2,84,46.5,Landgemeinde
16070028,16070,Amt Wachsenburg,AfD,blue,0.12,0.13,0.1,0.11,0.11,0.13,0.12,1477,7.7,19.9,3.2,84,46.5,Kleinstadt
16070037,16070,Neusiß,AfD,blue,0.1,0.13,0.12,0.13,0.14,0.15,0.18,1477,7.7,24,3.2,84,46.5,Landgemeinde
16070052,16070,Wildenspring,Linke,Linke,0.12,0.2,0.31,0.25,0.27,0.35,0.33,1477,7.7,24.9,3.2,84,46.5,Landgemeinde
16071073,16071,Ottstedt a,AfD,blue,0.17,0.18,0.15,0.15,0.13,0.14,0.14,1516,6.5,2,1.9,83,45.8,Landgemeinde
16071095,16071,Wiegendorf,AfD,blue,0.14,0.14,0.09,0.1,0.1,0.12,0.12,1516,6.5,24.5,1.9,83,45.8,Landgemeinde
16072006,16072,Goldisthal,Linke,Linke,0.1,0.2,0.29,0.24,0.32,0.41,0.36,1584,4.3,12.5,1.6,32,48.4,Kleinstadt
16072013,16072,Neuhaus am Rennweg,Linke,Linke,0.13,0.22,0.27,0.25,0.35,0.39,0.3,1584,4.3,17.8,1.6,32,48.4,Kleinstadt
16072018,16072,Sonneberg,Linke,Linke,0.1,0.18,0.22,0.19,0.28,0.34,0.27,1584,4.3,31.5,1.6,32,48.4,Mittelstadt
16073035,16073,Hohenwarte,AfD,blue,0.08,0.09,0.09,0.11,0.13,0.15,0.16,1531,8,22.5,1.6,46,48.6,Landgemeinde
16073076,16073,Rudolstadt,Linke,Linke,0.1,0.2,0.22,0.17,0.29,0.33,0.25,1531,8,23.4,1.6,46,48.6,Mittelstadt
16073077,16073,Saalfeld/Saale,Linke,Linke,0.11,0.2,0.23,0.19,0.29,0.31,0.25,1531,8,32,1.6,46,48.6,Mittelstadt
16074041,16074,Hermsdorf,Linke,Linke,0.1,0.2,0.25,0.2,0.31,0.33,0.3,1541,6.8,19.4,2.5,113,46.6,Kleinstadt
16074056,16074,Meusebach,AfD,blue,0.15,0.14,0.14,0.14,0.14,0.15,0.14,1541,6.8,2,2.5,113,46.6,Landgemeinde
16074089,16074,Seitenroda,AfD,blue,0.11,0.12,0.1,0.11,0.1,0.12,0.11,1541,6.8,30.5,2.5,113,46.6,Landgemeinde
16074098,16074,Tautenhain,Linke,Linke,0.19,0.3,0.28,0.22,0.3,0.34,0.28,1541,6.8,27.8,2.5,113,46.6,Kleinstadt
16075004,16075,Blankenstein,Linke,Linke,0.1,0.19,0.22,0.17,0.29,0.36,0.3,1532,7,39.4,1.6,43,47.5,Landgemeinde
16075008,16075,Bucha,AfD,blue,0.12,0.13,0.13,0.15,0.14,0.19,0.14,1532,7,53,1.6,43,47.5,Landgemeinde
16075023,16075,Eßbach,Linke,Linke,0.1,0.19,0.25,0.17,0.31,0.38,0.33,1532,7,,1.6,43,47.5,Landgemeinde
16075031,16075,Gertewitz,AfD,blue,0.08,0.09,0.08,0.09,0.09,0.1,0.12,1532,7,39,1.6,43,47.5,Landgemeinde
16075046,16075,Hirschberg,Linke,Linke,0.12,0.2,0.25,0.18,0.29,0.36,0.27,1532,7,30,1.6,43,47.5,Landgemeinde
16075061,16075,Linda b,AfD,blue,0.11,0.11,0.11,0.11,0.12,0.12,0.12,1532,7,63,1.6,43,47.5,Kleinstadt
16075062,16075,Bad Lobenstein,Linke,Linke,0.14,0.23,0.25,0.22,0.32,0.4,0.37,1532,7,33,1.6,43,47.5,Kleinstadt
16075079,16075,Paska,AfD,blue,0.09,0.1,0.09,0.09,0.08,0.1,0.12,1532,7,2.5,1.6,43,47.5,Landgemeinde
16075081,16075,Peuschen,AfD,blue,0.13,0.14,0.14,0.14,0.14,0.17,0.17,1532,7,2,1.6,43,47.5,Landgemeinde
16075086,16075,Pottiga,Linke,Linke,0.13,0.19,0.28,0.24,0.33,0.37,0.33,1532,7,34.9,1.6,43,47.5,Landgemeinde
16075093,16075,Rosendorf,AfD,blue,0.08,0.1,0.08,0.09,0.1,0.11,0.12,1532,7,55,1.6,43,47.5,Landgemeinde
16075109,16075,Tegau,AfD,blue,0.1,0.12,0.1,0.11,0.11,0.14,0.12,1532,7,2,1.6,43,47.5,Landgemeinde
16075124,16075,Wernburg,AfD,blue,0.1,0.11,0.09,0.09,0.1,0.12,0.11,1532,7,30,1.6,43,47.5,Landgemeinde
16076008,16076,Brahmenau,AfD,blue,0.24,0.27,0.12,0.12,0.12,0.15,0.14,1563,8.3,15.7,1.3,28,48.8,Landgemeinde
16076019,16076,Gauern,AfD,blue,0.11,0.13,0.1,0.1,0.1,0.11,0.14,1563,8.3,29,1.3,28,48.8,Landgemeinde
16076034,16076,Kauern,AfD,blue,0.11,0.11,0.09,0.09,0.1,0.11,0.11,1563,8.3,18,1.3,28,48.8,Landgemeinde
16076036,16076,Korbußen,AfD,blue,0.13,0.13,0.11,0.12,0.12,0.13,0.14,1563,8.3,33.9,1.3,28,48.8,Landgemeinde
16076067,16076,Schwaara,AfD,blue,0.14,0.16,0.13,0.12,0.1,0.12,0.14,1563,8.3,,1.3,28,48.8,Landgemeinde
16076068,16076,Schwarzbach,AfD,blue,0.09,0.09,0.08,0.09,0.09,0.11,0.11,1563,8.3,52.3,1.3,28,48.8,Landgemeinde
16076074,16076,Teichwitz,AfD,blue,0.12,0.11,0.08,0.08,0.09,0.09,0.12,1563,8.3,47,1.3,28,48.8,Landgemeinde
16077001,16077,Altenburg,Linke,Linke,0.1,0.19,0.24,0.18,0.28,0.31,0.25,1482,10.9,13.7,1.7,78,49.3,Mittelstadt
16077006,16077,Frohnsdorf,AfD,blue,0.1,0.1,0.08,0.1,0.09,0.11,0.11,1482,10.9,49,1.7,78,49.3,Landgemeinde
16077016,16077,Heukewalde,AfD,blue,0.11,0.11,0.09,0.11,0.1,0.12,0.11,1482,10.9,50,1.7,78,49.3,Landgemeinde
16077042,16077,Rositz,Linke,Linke,0.1,0.18,0.24,0.17,0.29,0.32,0.25,1482,10.9,12.7,1.7,78,49.3,Landgemeinde
16077047,16077,Thonhausen,AfD,blue,0.1,0.11,0.1,0.1,0.1,0.12,0.13,1482,10.9,46.8,1.7,78,49.3,Landgemeinde